順位,母父馬,着別度数,勝率,連対率,複勝率,単勝回収値,複勝回収値,単勝適正回収値,平均着順,平均人気,平均単勝オッズ,単勝平均,複勝平均,マーク数,マーク率,２着率,３着率,平均タイム,平均1Fタイム,平均速度
1,ノーザンテースト, 6- 3- 2-31/42,14.3%,21.4%,26.2%,61,49,121.5,6.5着,6.9人気,47.9,430,188,0,0.0%,7.1%,4.8%,72.22,12.04,59.81
2,トウシヨウボーイ, 5- 2- 3-25/35,14.3%,20.0%,28.6%,310,84,150.2,6.3着,7.5人気,58.1,2170,294,0,0.0%,5.7%,8.6%,72.52,12.09,59.57
3,マルゼンスキー, 4- 1- 1-20/26,15.4%,19.2%,23.1%,78,45,153.8,8.0着,7.8人気,73.3,512,195,0,0.0%,3.8%,3.8%,72.45,12.08,59.63
4,トニービン, 3- 3- 2-15/23,13.0%,26.1%,34.8%,60,112,96.8,6.5着,6.7人気,44.1,463,324,0,0.0%,13.0%,8.7%,72.20,12.03,59.83
5,ブライアンズタイム, 3- 0- 1-18/22,13.6%,13.6%,18.2%,127,35,140.1,7.5着,7.5人気,61.5,937,192,0,0.0%,0.0%,4.5%,72.45,12.08,59.62
6,サンデーサイレンス, 2- 5- 1-28/36,5.6%,19.4%,22.2%,38,40,58.8,7.0着,7.1人気,45.7,695,184,0,0.0%,13.9%,2.8%,71.57,11.93,60.36
7,"Northern Dancer", 2- 1- 0- 2/ 5,40.0%,60.0%,60.0%,314,164,449.2,4.4着,5.8人気,28.7,785,273,0,0.0%,20.0%,0.0%,72.36,12.06,59.70
8,ブレイヴエストローマン, 2- 0- 2- 6/10,20.0%,20.0%,40.0%,67,77,203.1,5.7着,7.1人気,25.7,335,257,0,0.0%,0.0%,20.0%,73.03,12.17,59.15
9,シンボリルドルフ, 2- 0- 2- 5/ 9,22.2%,22.2%,44.4%,105,96,256.6,6.4着,6.4人気,42.3,475,218,0,0.0%,0.0%,22.2%,71.58,11.93,60.35
10,Caerleon, 2- 0- 1- 7/10,20.0%,20.0%,30.0%,176,60,194.4,8.2着,6.3人気,30.8,880,200,0,0.0%,0.0%,10.0%,72.71,12.12,59.41
11,クラウンドプリンス, 2- 0- 0- 2/ 4,50.0%,50.0%,50.0%,267,110,242.2,4.0着,4.5人気,17.4,535,220,0,0.0%,0.0%,0.0%,72.88,12.15,59.28
12,"Private Account", 2- 0- 0- 1/ 3,66.7%,66.7%,66.7%,440,113,364.3,2.0着,3.7人気,6.7,660,170,0,0.0%,0.0%,0.0%,71.53,11.92,60.39
13,エルコンドルパサー, 2- 0- 0- 2/ 4,50.0%,50.0%,50.0%,327,82,565.6,4.5着,7.3人気,96.7,655,165,0,0.0%,0.0%,0.0%,72.13,12.02,59.90
14,"Seeking the Gold", 2- 0- 0- 5/ 7,28.6%,28.6%,28.6%,82,40,184.1,7.4着,5.6人気,13.4,290,140,0,0.0%,0.0%,0.0%,71.34,11.89,60.55
15,シャンハイ, 2- 0- 0- 0/ 2,100.0%,100.0%,100.0%,1530,325,1445.3,1.0着,5.5人気,15.3,1530,325,0,0.0%,0.0%,0.0%,70.80,11.80,61.02
16,ターゴワイス, 1- 3- 2-10/16,6.3%,25.0%,37.5%,45,166,81.1,6.6着,9.0人気,56.8,720,443,0,0.0%,18.8%,12.5%,72.62,12.10,59.49
17,ロイヤルスキー, 1- 3- 0- 9/13,7.7%,30.8%,30.8%,38,58,81.0,7.8着,7.5人気,65.3,500,190,0,0.0%,23.1%,0.0%,72.52,12.09,59.57
18,Halo, 1- 2- 1- 5/ 9,11.1%,33.3%,44.4%,13,76,46.0,7.1着,6.4人気,32.4,120,172,0,0.0%,22.2%,11.1%,73.26,12.21,58.97
19,リイフオー, 1- 2- 0- 4/ 7,14.3%,42.9%,42.9%,100,67,104.8,6.4着,5.7人気,20.9,700,157,0,0.0%,28.6%,0.0%,71.76,11.96,60.20
20,ダンスインザダーク, 1- 1- 2- 4/ 8,12.5%,25.0%,50.0%,60,101,84.0,5.5着,4.6人気,17.5,480,202,0,0.0%,12.5%,25.0%,71.41,11.90,60.49
21,ノーアテンシヨン, 1- 1- 1- 5/ 8,12.5%,25.0%,37.5%,27,85,84.9,6.1着,4.5人気,22.3,220,227,0,0.0%,12.5%,12.5%,72.79,12.13,59.35
22,ミルジヨージ, 1- 1- 0-10/12,8.3%,16.7%,16.7%,16,17,58.6,8.4着,8.4人気,73.8,200,105,0,0.0%,8.3%,0.0%,72.97,12.16,59.21
23,Lyphard, 1- 1- 0- 3/ 5,20.0%,40.0%,40.0%,114,122,209.0,7.6着,5.0人気,14.0,570,305,0,0.0%,20.0%,0.0%,72.24,12.04,59.80
24,サクラユタカオー, 1- 1- 0- 6/ 8,12.5%,25.0%,25.0%,32,36,112.2,6.6着,5.8人気,21.6,260,145,0,0.0%,12.5%,0.0%,72.28,12.05,59.77
25,ヤマニンスキー, 1- 1- 0- 3/ 5,20.0%,40.0%,40.0%,28,62,117.2,4.8着,6.8人気,41.2,140,155,0,0.0%,20.0%,0.0%,72.26,12.04,59.78
26,"Green Dancer", 1- 1- 0- 3/ 5,20.0%,40.0%,40.0%,74,52,103.6,8.2着,3.8人気,19.5,370,130,0,0.0%,20.0%,0.0%,72.34,12.06,59.72
27,フサイチコンコルド, 1- 1- 0- 2/ 4,25.0%,50.0%,50.0%,130,97,198.0,6.3着,5.5人気,21.2,520,195,0,0.0%,25.0%,0.0%,71.53,11.92,60.40
28,パドスール, 1- 1- 0- 2/ 4,25.0%,50.0%,50.0%,240,95,177.4,4.0着,5.8人気,43.8,960,190,0,0.0%,25.0%,0.0%,72.68,12.11,59.44
29,ネプテユーヌス, 1- 1- 0- 2/ 4,25.0%,50.0%,50.0%,92,120,245.2,6.3着,6.3人気,41.3,370,240,0,0.0%,25.0%,0.0%,72.20,12.03,59.83
30,ラストタイクーン, 1- 1- 0- 1/ 3,33.3%,66.7%,66.7%,83,200,207.9,3.3着,6.7人気,32.5,250,300,0,0.0%,33.3%,0.0%,70.83,11.81,60.99
31,ヴエンチア, 1- 1- 0- 1/ 3,33.3%,66.7%,66.7%,653,533,1099.3,3.3着,9.3人気,42.2,1960,800,0,0.0%,33.3%,0.0%,71.87,11.98,60.11
32,Woodman, 1- 1- 0- 1/ 3,33.3%,66.7%,66.7%,46,73,73.8,6.0着,1.7人気,3.5,140,110,0,0.0%,33.3%,0.0%,71.60,11.93,60.34
33,Machiavellian, 1- 1- 0- 1/ 3,33.3%,66.7%,66.7%,406,370,725.1,4.7着,8.0人気,28.8,1220,555,0,0.0%,33.3%,0.0%,71.73,11.96,60.22
34,"Sharpen Up", 1- 1- 0- 0/ 2,50.0%,100.0%,100.0%,190,790,360.5,1.5着,8.0人気,37.1,380,790,0,0.0%,50.0%,0.0%,71.20,11.87,60.67
35,"Cure the Blues", 1- 1- 0- 0/ 2,50.0%,100.0%,100.0%,1190,330,540.9,1.5着,5.0人気,15.4,2380,330,0,0.0%,50.0%,0.0%,70.75,11.79,61.06
36,ダンシングブレーヴ, 1- 0- 2- 3/ 6,16.7%,16.7%,50.0%,178,100,132.6,4.7着,5.7人気,63.0,1070,200,0,0.0%,0.0%,33.3%,71.27,11.88,60.62
37,カウアイキング, 1- 0- 2- 0/ 3,33.3%,33.3%,100.0%,236,283,300.8,2.3着,4.3人気,10.3,710,283,0,0.0%,0.0%,66.7%,72.03,12.01,59.97
38,リアルシヤダイ, 1- 0- 1-14/16,6.3%,6.3%,12.5%,26,15,57.4,7.9着,7.3人気,53.2,420,125,0,0.0%,0.0%,6.3%,72.50,12.08,59.59
39,パーソロン, 1- 0- 1-13/15,6.7%,6.7%,13.3%,26,27,63.9,7.4着,6.1人気,25.8,390,205,0,0.0%,0.0%,6.7%,72.38,12.06,59.68
40,マンハッタンカフェ, 1- 0- 1- 3/ 5,20.0%,20.0%,40.0%,198,160,295.0,7.0着,9.2人気,91.4,990,400,0,0.0%,0.0%,20.0%,70.84,11.81,60.98
41,リヴリア, 1- 0- 1- 3/ 5,20.0%,20.0%,40.0%,32,128,109.7,5.8着,5.0人気,39.7,160,320,0,0.0%,0.0%,20.0%,71.84,11.97,60.13
42,ヴアイスリーガル, 1- 0- 1- 3/ 5,20.0%,20.0%,40.0%,78,32,208.7,5.8着,5.4人気,25.9,390,160,0,0.0%,0.0%,20.0%,72.94,12.16,59.23
43,"Slew o'Gold", 1- 0- 1- 2/ 4,25.0%,25.0%,50.0%,45,60,94.4,5.5着,4.0人気,17.8,180,120,0,0.0%,0.0%,25.0%,71.50,11.92,60.42
44,"Vaguely Noble", 1- 0- 1- 1/ 3,33.3%,33.3%,66.7%,76,210,182.4,3.3着,4.3人気,14.9,230,315,0,0.0%,0.0%,33.3%,72.37,12.06,59.70
45,キングカメハメハ, 1- 0- 0- 5/ 6,16.7%,16.7%,16.7%,103,28,86.9,5.3着,3.8人気,44.0,620,170,0,0.0%,0.0%,0.0%,72.47,12.08,59.61
46,ホリスキー, 1- 0- 0- 3/ 4,25.0%,25.0%,25.0%,120,42,257.0,5.5着,6.5人気,22.9,480,170,0,0.0%,0.0%,0.0%,72.35,12.06,59.71
47,"Mr. Prospector", 1- 0- 0- 3/ 4,25.0%,25.0%,25.0%,45,35,132.8,5.8着,5.0人気,15.5,180,140,0,0.0%,0.0%,0.0%,72.78,12.13,59.36
48,ビゼンニシキ, 1- 0- 0- 2/ 3,33.3%,33.3%,33.3%,730,83,1296.4,5.3着,7.3人気,50.4,2190,250,0,0.0%,0.0%,0.0%,72.83,12.14,59.31
49,キングヘイロー, 1- 0- 0- 2/ 3,33.3%,33.3%,33.3%,303,106,466.3,5.7着,7.3人気,100.6,910,320,0,0.0%,0.0%,0.0%,71.17,11.86,60.70
50,"Irish River", 1- 0- 0- 2/ 3,33.3%,33.3%,33.3%,246,83,185.4,4.3着,4.7人気,13.2,740,250,0,0.0%,0.0%,0.0%,72.30,12.05,59.75
51,デイクタス, 1- 0- 0- 6/ 7,14.3%,14.3%,14.3%,28,17,86.4,5.9着,5.4人気,20.1,200,120,0,0.0%,0.0%,0.0%,72.69,12.11,59.43
52,Danehill, 1- 0- 0- 2/ 3,33.3%,33.3%,33.3%,43,33,99.0,6.0着,5.3人気,42.9,130,100,0,0.0%,0.0%,0.0%,71.60,11.93,60.34
53,ノーザリー, 1- 0- 0- 6/ 7,14.3%,14.3%,14.3%,195,61,565.3,8.9着,11.1人気,83.5,1370,430,0,0.0%,0.0%,0.0%,72.76,12.13,59.38
54,タイキシャトル, 1- 0- 0- 5/ 6,16.7%,16.7%,16.7%,63,28,290.5,9.0着,9.5人気,93.5,380,170,0,0.0%,0.0%,0.0%,71.40,11.90,60.50
55,ナイスダンサー, 1- 0- 0- 4/ 5,20.0%,20.0%,20.0%,108,36,386.7,9.2着,8.8人気,48.9,540,180,0,0.0%,0.0%,0.0%,73.32,12.22,58.92
56,サンダーガルチ, 1- 0- 0- 3/ 4,25.0%,25.0%,25.0%,65,30,233.5,6.3着,10.5人気,107.7,260,120,0,0.0%,0.0%,0.0%,71.50,11.92,60.42
57,"Spectacular Bid", 1- 0- 0- 2/ 3,33.3%,33.3%,33.3%,166,73,243.7,8.3着,5.7人気,11.3,500,220,0,0.0%,0.0%,0.0%,73.13,12.19,59.07
58,フレアリングダンサー, 1- 0- 0- 1/ 2,50.0%,50.0%,50.0%,430,135,672.8,8.5着,7.5人気,19.8,860,270,0,0.0%,0.0%,0.0%,72.90,12.15,59.26
59,ファスリエフ, 1- 0- 0- 1/ 2,50.0%,50.0%,50.0%,305,75,571.9,6.0着,7.0人気,48.8,610,150,0,0.0%,0.0%,0.0%,71.65,11.94,60.29
60,トレボロ, 1- 0- 0- 1/ 2,50.0%,50.0%,50.0%,260,65,475.9,7.0着,7.0人気,30.7,520,130,0,0.0%,0.0%,0.0%,73.15,12.19,59.06
61,ダイナガリバー, 1- 0- 0- 1/ 2,50.0%,50.0%,50.0%,455,85,710.0,4.0着,5.5人気,20.7,910,170,0,0.0%,0.0%,0.0%,72.05,12.01,59.96
62,Trempolino, 1- 0- 0- 1/ 2,50.0%,50.0%,50.0%,205,90,367.8,4.0着,5.0人気,19.9,410,180,0,0.0%,0.0%,0.0%,71.80,11.97,60.17
63,"Septieme Ciel", 1- 0- 0- 1/ 2,50.0%,50.0%,50.0%,330,95,484.4,4.0着,5.0人気,12.4,660,190,0,0.0%,0.0%,0.0%,71.50,11.92,60.42
64,Rahy, 1- 0- 0- 1/ 2,50.0%,50.0%,50.0%,700,175,1089.4,8.5着,8.0人気,31.6,1400,350,0,0.0%,0.0%,0.0%,73.20,12.20,59.02
65,"More Than Ready", 1- 0- 0- 1/ 2,50.0%,50.0%,50.0%,185,80,341.2,7.0着,7.5人気,23.8,370,160,0,0.0%,0.0%,0.0%,69.90,11.65,61.80
66,"Lord Gayle", 1- 0- 0- 1/ 2,50.0%,50.0%,50.0%,305,120,268.6,4.5着,2.5人気,5.5,610,240,0,0.0%,0.0%,0.0%,73.45,12.24,58.82
67,Habitat, 1- 0- 0- 1/ 2,50.0%,50.0%,50.0%,1380,360,1844.4,5.5着,8.0人気,41.6,2760,720,0,0.0%,0.0%,0.0%,71.20,11.87,60.67
68,Diesis, 1- 0- 0- 1/ 2,50.0%,50.0%,50.0%,230,90,384.4,5.5着,5.0人気,14.0,460,180,0,0.0%,0.0%,0.0%,71.25,11.88,60.63
69,ミルグロリー, 1- 0- 0- 0/ 1,100.0%,100.0%,100.0%,180,100,180.0,1.0着,1.0人気,1.8,180,100,0,0.0%,0.0%,0.0%,71.70,11.95,60.25
70,ベストタイアップ, 1- 0- 0- 0/ 1,100.0%,100.0%,100.0%,1610,840,1610.0,1.0着,5.0人気,16.1,1610,840,0,0.0%,0.0%,0.0%,70.70,11.78,61.10
71,ブラックタキシード, 1- 0- 0- 0/ 1,100.0%,100.0%,100.0%,360,140,360.0,1.0着,2.0人気,3.6,360,140,0,0.0%,0.0%,0.0%,71.00,11.83,60.85
72,フェアジャッジメント, 1- 0- 0- 0/ 1,100.0%,100.0%,100.0%,170,110,170.0,1.0着,1.0人気,1.7,170,110,0,0.0%,0.0%,0.0%,70.30,11.72,61.45
73,ファルブラヴ, 1- 0- 0- 0/ 1,100.0%,100.0%,100.0%,1230,240,1230.0,1.0着,6.0人気,12.3,1230,240,0,0.0%,0.0%,0.0%,70.40,11.73,61.36
74,スターリングローズ, 1- 0- 0- 0/ 1,100.0%,100.0%,100.0%,1270,160,1270.0,1.0着,5.0人気,12.7,1270,160,0,0.0%,0.0%,0.0%,70.90,11.82,60.93
75,サクラシヨウリ, 1- 0- 0- 0/ 1,100.0%,100.0%,100.0%,240,110,240.0,1.0着,1.0人気,2.4,240,110,0,0.0%,0.0%,0.0%,71.70,11.95,60.25
76,オジジアン, 1- 0- 0- 0/ 1,100.0%,100.0%,100.0%,2380,540,2380.0,1.0着,5.0人気,23.8,2380,540,0,0.0%,0.0%,0.0%,70.90,11.82,60.93
77,"Welsh Saint", 1- 0- 0- 0/ 1,100.0%,100.0%,100.0%,2730,430,2730.0,1.0着,8.0人気,27.3,2730,430,0,0.0%,0.0%,0.0%,70.60,11.77,61.19
78,"The Minstrel", 1- 0- 0- 0/ 1,100.0%,100.0%,100.0%,500,170,500.0,1.0着,2.0人気,5.0,500,170,0,0.0%,0.0%,0.0%,70.00,11.67,61.71
79,"Sir Ivor", 1- 0- 0- 0/ 1,100.0%,100.0%,100.0%,400,180,400.0,1.0着,3.0人気,4.0,400,180,0,0.0%,0.0%,0.0%,73.10,12.18,59.10
80,Salse, 1- 0- 0- 0/ 1,100.0%,100.0%,100.0%,270,140,270.0,1.0着,1.0人気,2.7,270,140,0,0.0%,0.0%,0.0%,72.60,12.10,59.50
81,Overbury, 1- 0- 0- 0/ 1,100.0%,100.0%,100.0%,1050,280,1050.0,1.0着,7.0人気,10.5,1050,280,0,0.0%,0.0%,0.0%,69.40,11.57,62.25
82,"Mark of Esteem", 1- 0- 0- 0/ 1,100.0%,100.0%,100.0%,260,130,260.0,1.0着,1.0人気,2.6,260,130,0,0.0%,0.0%,0.0%,70.70,11.78,61.10
83,"London Bells", 1- 0- 0- 0/ 1,100.0%,100.0%,100.0%,240,130,240.0,1.0着,1.0人気,2.4,240,130,0,0.0%,0.0%,0.0%,71.20,11.87,60.67
84,"Johan Cruyff", 1- 0- 0- 0/ 1,100.0%,100.0%,100.0%,280,140,280.0,1.0着,1.0人気,2.8,280,140,0,0.0%,0.0%,0.0%,69.40,11.57,62.25
85,Hernando, 1- 0- 0- 0/ 1,100.0%,100.0%,100.0%,1480,460,1480.0,1.0着,7.0人気,14.8,1480,460,0,0.0%,0.0%,0.0%,72.10,12.02,59.92
86,Caucasus, 1- 0- 0- 0/ 1,100.0%,100.0%,100.0%,1060,210,1060.0,1.0着,6.0人気,10.6,1060,210,0,0.0%,0.0%,0.0%,72.10,12.02,59.92
87,"Sadler's Wells", 0- 2- 1- 4/ 7,0.0%,28.6%,42.9%,0,61,0.0,6.9着,4.9人気,19.3,,143,0,0.0%,28.6%,14.3%,72.34,12.06,59.72
88,"Devil's Bag", 0- 2- 0- 2/ 4,0.0%,50.0%,50.0%,0,127,0.0,3.5着,3.8人気,8.4,,255,0,0.0%,50.0%,0.0%,71.50,11.92,60.42
89,Danzig, 0- 2- 0- 5/ 7,0.0%,28.6%,28.6%,0,30,0.0,7.4着,6.3人気,30.6,,105,0,0.0%,28.6%,0.0%,72.61,12.10,59.49
90,フォーティナイナー, 0- 2- 0- 4/ 6,0.0%,33.3%,33.3%,0,56,0.0,7.2着,8.8人気,80.5,,170,0,0.0%,33.3%,0.0%,72.07,12.01,59.94
91,ウォーニング, 0- 2- 0- 3/ 5,0.0%,40.0%,40.0%,0,212,0.0,7.4着,7.6人気,34.2,,530,0,0.0%,40.0%,0.0%,72.58,12.10,59.52
92,"Green Forest", 0- 1- 2- 0/ 3,0.0%,33.3%,100.0%,0,293,0.0,2.7着,4.0人気,12.9,,293,0,0.0%,33.3%,66.7%,70.97,11.83,60.87
93,モガミ, 0- 1- 1-15/17,0.0%,5.9%,11.8%,0,15,0.0,7.8着,7.4人気,54.8,,130,0,0.0%,5.9%,5.9%,73.00,12.17,59.18
94,ステイールハート, 0- 1- 1- 9/11,0.0%,9.1%,18.2%,0,105,0.0,7.9着,9.1人気,58.4,,580,0,0.0%,9.1%,9.1%,72.72,12.12,59.41
95,アグネスタキオン, 0- 1- 1- 9/11,0.0%,9.1%,18.2%,0,33,0.0,7.8着,8.4人気,78.1,,185,0,0.0%,9.1%,9.1%,71.84,11.97,60.14
96,ステイゴールド, 0- 1- 1- 5/ 7,0.0%,14.3%,28.6%,0,270,0.0,7.1着,7.9人気,69.9,,945,0,0.0%,14.3%,14.3%,71.50,11.92,60.42
97,パークリージエント, 0- 1- 1- 4/ 6,0.0%,16.7%,33.3%,0,138,0.0,5.5着,6.7人気,41.3,,415,0,0.0%,16.7%,16.7%,72.37,12.06,59.70
98,マイネルラヴ, 0- 1- 1- 5/ 7,0.0%,14.3%,28.6%,0,110,0.0,7.6着,7.1人気,51.5,,385,0,0.0%,14.3%,14.3%,70.83,11.80,60.99
99,アレミロード, 0- 1- 1- 4/ 6,0.0%,16.7%,33.3%,0,93,0.0,8.5着,7.8人気,51.9,,280,0,0.0%,16.7%,16.7%,72.58,12.10,59.52
100,Alydar, 0- 1- 1- 5/ 7,0.0%,14.3%,28.6%,0,37,0.0,8.7着,6.3人気,39.3,,130,0,0.0%,14.3%,14.3%,72.20,12.03,59.83
101,アンバーシヤダイ, 0- 1- 1- 4/ 6,0.0%,16.7%,33.3%,0,138,0.0,5.8着,9.5人気,51.0,,415,0,0.0%,16.7%,16.7%,72.02,12.00,59.99
102,タニノフエバリツト, 0- 1- 1- 4/ 6,0.0%,16.7%,33.3%,0,68,0.0,7.3着,6.2人気,33.3,,205,0,0.0%,16.7%,16.7%,72.87,12.14,59.29
103,タマモクロス, 0- 1- 1- 3/ 5,0.0%,20.0%,40.0%,0,82,0.0,7.2着,9.0人気,62.7,,205,0,0.0%,20.0%,20.0%,72.00,12.00,60.00
104,ボールドリツク, 0- 1- 1- 2/ 4,0.0%,25.0%,50.0%,0,462,0.0,5.5着,7.5人気,34.3,,925,0,0.0%,25.0%,25.0%,73.08,12.18,59.12
105,ノノアルコ, 0- 1- 1- 0/ 2,0.0%,50.0%,100.0%,0,135,0.0,2.5着,3.0人気,7.9,,135,0,0.0%,50.0%,50.0%,71.90,11.98,60.08
106,スキャン, 0- 1- 1- 0/ 2,0.0%,50.0%,100.0%,0,185,0.0,2.5着,4.0人気,7.2,,185,0,0.0%,50.0%,50.0%,71.60,11.93,60.34
107,サンシャインフォーエヴァー, 0- 1- 1- 0/ 2,0.0%,50.0%,100.0%,0,120,0.0,2.5着,1.5人気,2.9,,120,0,0.0%,50.0%,50.0%,73.25,12.21,58.98
108,Kingmambo, 0- 1- 1- 0/ 2,0.0%,50.0%,100.0%,0,145,0.0,2.5着,3.0人気,7.1,,290,0,0.0%,50.0%,50.0%,72.80,12.13,59.34
109,Secretariat, 0- 1- 0- 5/ 6,0.0%,16.7%,16.7%,0,58,0.0,7.2着,8.0人気,73.1,,350,0,0.0%,16.7%,0.0%,72.18,12.03,59.85
110,スリルシヨー, 0- 1- 0- 3/ 4,0.0%,25.0%,25.0%,0,42,0.0,5.5着,3.3人気,12.0,,170,0,0.0%,25.0%,0.0%,73.08,12.18,59.12
111,スプレンデイドモーメント, 0- 1- 0- 1/ 2,0.0%,50.0%,50.0%,0,70,0.0,3.0着,4.5人気,17.1,,140,0,0.0%,50.0%,0.0%,72.30,12.05,59.75
112,"Shareef Dancer", 0- 1- 0- 1/ 2,0.0%,50.0%,50.0%,0,1410,0.0,3.0着,10.5人気,80.4,,2820,0,0.0%,50.0%,0.0%,71.20,11.87,60.67
113,アローエクスプレス, 0- 1- 0- 9/10,0.0%,10.0%,10.0%,0,10,0.0,9.7着,9.8人気,61.1,,100,0,0.0%,10.0%,0.0%,72.57,12.10,59.53
114,テンビー, 0- 1- 0- 1/ 2,0.0%,50.0%,50.0%,0,90,0.0,3.5着,6.5人気,15.8,,180,0,0.0%,50.0%,0.0%,71.85,11.98,60.13
115,"Saint Cyrien", 0- 1- 0- 1/ 2,0.0%,50.0%,50.0%,0,85,0.0,3.5着,3.0人気,7.9,,170,0,0.0%,50.0%,0.0%,72.95,12.16,59.22
116,Alleged, 0- 1- 0- 1/ 2,0.0%,50.0%,50.0%,0,795,0.0,3.5着,13.5人気,101.5,,1590,0,0.0%,50.0%,0.0%,72.30,12.05,59.75
117,ラシアンルーブル, 0- 1- 0- 5/ 6,0.0%,16.7%,16.7%,0,16,0.0,9.3着,7.8人気,39.7,,100,0,0.0%,16.7%,0.0%,73.33,12.22,58.91
118,フアバージ, 0- 1- 0- 5/ 6,0.0%,16.7%,16.7%,0,18,0.0,8.5着,8.0人気,25.6,,110,0,0.0%,16.7%,0.0%,72.78,12.13,59.35
119,ムクター, 0- 1- 0- 2/ 3,0.0%,33.3%,33.3%,0,210,0.0,5.0着,8.7人気,127.6,,630,0,0.0%,33.3%,0.0%,72.40,12.07,59.67
120,Gulch, 0- 1- 0- 2/ 3,0.0%,33.3%,33.3%,0,86,0.0,6.7着,8.7人気,25.0,,260,0,0.0%,33.3%,0.0%,71.93,11.99,60.06
121,Fasliyev, 0- 1- 0- 2/ 3,0.0%,33.3%,33.3%,0,36,0.0,8.7着,6.3人気,134.7,,110,0,0.0%,33.3%,0.0%,71.80,11.97,60.17
122,リキアイオー, 0- 1- 0- 1/ 2,0.0%,50.0%,50.0%,0,350,0.0,4.5着,8.5人気,23.0,,700,0,0.0%,50.0%,0.0%,73.25,12.21,58.98
123,ミルフオード, 0- 1- 0- 1/ 2,0.0%,50.0%,50.0%,0,70,0.0,6.0着,6.0人気,59.7,,140,0,0.0%,50.0%,0.0%,72.75,12.13,59.38
124,クリスタルパレス, 0- 1- 0- 1/ 2,0.0%,50.0%,50.0%,0,145,0.0,7.0着,10.0人気,118.1,,290,0,0.0%,50.0%,0.0%,72.00,12.00,60.00
125,キヤタオラ, 0- 1- 0- 1/ 2,0.0%,50.0%,50.0%,0,80,0.0,6.5着,3.0人気,7.1,,160,0,0.0%,50.0%,0.0%,73.20,12.20,59.02
126,エタン, 0- 1- 0- 1/ 2,0.0%,50.0%,50.0%,0,155,0.0,4.0着,3.5人気,9.1,,310,0,0.0%,50.0%,0.0%,71.75,11.96,60.21
127,アイネスフウジン, 0- 1- 0- 1/ 2,0.0%,50.0%,50.0%,0,115,0.0,5.5着,6.0人気,15.2,,230,0,0.0%,50.0%,0.0%,71.35,11.89,60.55
128,"Star Way", 0- 1- 0- 1/ 2,0.0%,50.0%,50.0%,0,120,0.0,4.5着,3.0人気,5.7,,240,0,0.0%,50.0%,0.0%,73.15,12.19,59.06
129,"Known Fact", 0- 1- 0- 1/ 2,0.0%,50.0%,50.0%,0,65,0.0,5.0着,1.0人気,2.4,,130,0,0.0%,50.0%,0.0%,71.60,11.93,60.34
130,Forli, 0- 1- 0- 1/ 2,0.0%,50.0%,50.0%,0,320,0.0,5.5着,4.0人気,12.7,,640,0,0.0%,50.0%,0.0%,72.55,12.09,59.55
131,ロングリート, 0- 1- 0- 0/ 1,0.0%,100.0%,100.0%,0,140,0.0,2.0着,1.0人気,2.8,,140,0,0.0%,100.0%,0.0%,70.60,11.77,61.19
132,ラムタラ, 0- 1- 0- 0/ 1,0.0%,100.0%,100.0%,0,400,0.0,2.0着,7.0人気,35.2,,400,0,0.0%,100.0%,0.0%,70.50,11.75,61.28
133,マイスワロー, 0- 1- 0- 0/ 1,0.0%,100.0%,100.0%,0,450,0.0,2.0着,7.0人気,23.1,,450,0,0.0%,100.0%,0.0%,72.50,12.08,59.59
134,ハードリドン, 0- 1- 0- 0/ 1,0.0%,100.0%,100.0%,0,130,0.0,2.0着,3.0人気,8.3,,130,0,0.0%,100.0%,0.0%,73.30,12.22,58.94
135,トワイニング, 0- 1- 0- 0/ 1,0.0%,100.0%,100.0%,0,220,0.0,2.0着,4.0人気,6.8,,220,0,0.0%,100.0%,0.0%,70.40,11.73,61.36
136,デュランダル, 0- 1- 0- 0/ 1,0.0%,100.0%,100.0%,0,370,0.0,2.0着,7.0人気,20.2,,370,0,0.0%,100.0%,0.0%,71.20,11.87,60.67
137,タマナー, 0- 1- 0- 0/ 1,0.0%,100.0%,100.0%,0,120,0.0,2.0着,2.0人気,3.6,,120,0,0.0%,100.0%,0.0%,70.90,11.82,60.93
138,ダイシユンエイ, 0- 1- 0- 0/ 1,0.0%,100.0%,100.0%,0,370,0.0,2.0着,8.0人気,26.5,,370,0,0.0%,100.0%,0.0%,72.90,12.15,59.26
139,シングルロマン, 0- 1- 0- 0/ 1,0.0%,100.0%,100.0%,0,210,0.0,2.0着,4.0人気,14.1,,210,0,0.0%,100.0%,0.0%,70.70,11.78,61.10
140,シーホーク, 0- 1- 0- 0/ 1,0.0%,100.0%,100.0%,0,590,0.0,2.0着,8.0人気,26.4,,590,0,0.0%,100.0%,0.0%,71.50,11.92,60.42
141,グリーンマウント, 0- 1- 0- 0/ 1,0.0%,100.0%,100.0%,0,150,0.0,2.0着,3.0人気,5.5,,150,0,0.0%,100.0%,0.0%,71.30,11.88,60.59
142,アルカング, 0- 1- 0- 0/ 1,0.0%,100.0%,100.0%,0,360,0.0,2.0着,6.0人気,20.7,,360,0,0.0%,100.0%,0.0%,72.80,12.13,59.34
143,"Southern Halo", 0- 1- 0- 0/ 1,0.0%,100.0%,100.0%,0,220,0.0,2.0着,1.0人気,6.0,,220,0,0.0%,100.0%,0.0%,69.40,11.57,62.25
144,Shirocco, 0- 1- 0- 0/ 1,0.0%,100.0%,100.0%,0,110,0.0,2.0着,1.0人気,1.3,,110,0,0.0%,100.0%,0.0%,75.20,12.53,57.45
145,Periwinkel, 0- 1- 0- 0/ 1,0.0%,100.0%,100.0%,0,170,0.0,2.0着,3.0人気,4.9,,170,0,0.0%,100.0%,0.0%,73.20,12.20,59.02
146,"Pancho Villa", 0- 1- 0- 0/ 1,0.0%,100.0%,100.0%,0,490,0.0,2.0着,7.0人気,24.8,,490,0,0.0%,100.0%,0.0%,71.20,11.87,60.67
147,"Night Shift", 0- 1- 0- 0/ 1,0.0%,100.0%,100.0%,0,680,0.0,2.0着,10.0人気,38.4,,680,0,0.0%,100.0%,0.0%,70.60,11.77,61.19
148,Mining, 0- 1- 0- 0/ 1,0.0%,100.0%,100.0%,0,420,0.0,2.0着,5.0人気,17.0,,420,0,0.0%,100.0%,0.0%,71.40,11.90,60.50
149,Marju, 0- 1- 0- 0/ 1,0.0%,100.0%,100.0%,0,220,0.0,2.0着,3.0人気,7.1,,220,0,0.0%,100.0%,0.0%,70.70,11.78,61.10
150,"Java Gold", 0- 1- 0- 0/ 1,0.0%,100.0%,100.0%,0,150,0.0,2.0着,1.0人気,2.5,,150,0,0.0%,100.0%,0.0%,71.00,11.83,60.85
151,"Hard Spun", 0- 1- 0- 0/ 1,0.0%,100.0%,100.0%,0,230,0.0,2.0着,4.0人気,6.4,,230,0,0.0%,100.0%,0.0%,69.80,11.63,61.89
152,"Exclusive Native", 0- 1- 0- 0/ 1,0.0%,100.0%,100.0%,0,100,0.0,2.0着,1.0人気,2.1,,100,0,0.0%,100.0%,0.0%,71.10,11.85,60.76
153,Diktat, 0- 1- 0- 0/ 1,0.0%,100.0%,100.0%,0,480,0.0,2.0着,6.0人気,18.6,,480,0,0.0%,100.0%,0.0%,72.40,12.07,59.67
154,テスコボーイ, 0- 0- 3- 9/12,0.0%,0.0%,25.0%,0,35,0.0,7.8着,7.6人気,66.1,,143,0,0.0%,0.0%,25.0%,72.68,12.11,59.44
155,Nureyev, 0- 0- 2- 5/ 7,0.0%,0.0%,28.6%,0,55,0.0,7.1着,7.7人気,36.9,,195,0,0.0%,0.0%,28.6%,72.69,12.11,59.43
156,ジェイドロバリー, 0- 0- 2- 6/ 8,0.0%,0.0%,25.0%,0,95,0.0,7.8着,9.0人気,66.8,,380,0,0.0%,0.0%,25.0%,72.14,12.02,59.89
157,ロイヤルニジンスキー, 0- 0- 2- 2/ 4,0.0%,0.0%,50.0%,0,115,0.0,5.3着,4.8人気,10.7,,230,0,0.0%,0.0%,50.0%,72.08,12.01,59.94
158,ロードリージ, 0- 0- 2- 0/ 2,0.0%,0.0%,100.0%,0,560,0.0,3.0着,8.5人気,28.4,,560,0,0.0%,0.0%,100.0%,72.80,12.13,59.34
159,"Carr de Naskra", 0- 0- 2- 0/ 2,0.0%,0.0%,100.0%,0,185,0.0,3.0着,4.5人気,7.9,,185,0,0.0%,0.0%,100.0%,71.95,11.99,60.04
160,ジャングルポケット, 0- 0- 1- 4/ 5,0.0%,0.0%,20.0%,0,72,0.0,5.8着,8.2人気,58.3,,360,0,0.0%,0.0%,20.0%,71.48,11.91,60.44
161,ダンサーズイメージ, 0- 0- 1- 7/ 8,0.0%,0.0%,12.5%,0,0,0.0,7.8着,7.9人気,29.9,,,0,0.0%,0.0%,12.5%,72.60,12.10,59.50
162,サクラバクシンオー, 0- 0- 1- 8/ 9,0.0%,0.0%,11.1%,0,0,0.0,8.7着,9.2人気,55.4,,,0,0.0%,0.0%,11.1%,72.10,12.02,59.92
163,ヘクタープロテクター, 0- 0- 1- 4/ 5,0.0%,0.0%,20.0%,0,74,0.0,7.8着,9.4人気,102.8,,370,0,0.0%,0.0%,20.0%,72.12,12.02,59.90
164,ハードツービート, 0- 0- 1- 3/ 4,0.0%,0.0%,25.0%,0,85,0.0,7.0着,7.8人気,65.1,,340,0,0.0%,0.0%,25.0%,74.08,12.35,58.32
165,ノーザンデイクテイター, 0- 0- 1- 2/ 3,0.0%,0.0%,33.3%,0,283,0.0,5.3着,6.3人気,40.6,,850,0,0.0%,0.0%,33.3%,72.53,12.09,59.56
166,Naevus, 0- 0- 1- 1/ 2,0.0%,0.0%,50.0%,0,65,0.0,3.5着,3.0人気,18.5,,130,0,0.0%,0.0%,50.0%,71.15,11.86,60.72
167,サンシー, 0- 0- 1- 6/ 7,0.0%,0.0%,14.3%,0,25,0.0,6.9着,5.3人気,22.0,,180,0,0.0%,0.0%,14.3%,72.93,12.15,59.24
168,ニホンピロウイナー, 0- 0- 1- 6/ 7,0.0%,0.0%,14.3%,0,0,0.0,7.0着,7.6人気,44.8,,,0,0.0%,0.0%,14.3%,72.77,12.13,59.36
169,Caro, 0- 0- 1- 3/ 4,0.0%,0.0%,25.0%,0,30,0.0,7.0着,5.3人気,21.6,,120,0,0.0%,0.0%,25.0%,72.90,12.15,59.26
170,リンドシェーバー, 0- 0- 1- 2/ 3,0.0%,0.0%,33.3%,0,43,0.0,8.7着,4.7人気,20.9,,130,0,0.0%,0.0%,33.3%,72.33,12.06,59.72
171,ホワイトマズル, 0- 0- 1- 2/ 3,0.0%,0.0%,33.3%,0,36,0.0,6.3着,6.0人気,29.8,,110,0,0.0%,0.0%,33.3%,71.90,11.98,60.08
172,バンブーアトラス, 0- 0- 1- 2/ 3,0.0%,0.0%,33.3%,0,36,0.0,8.0着,5.7人気,41.7,,110,0,0.0%,0.0%,33.3%,72.63,12.11,59.48
173,グラスワンダー, 0- 0- 1- 2/ 3,0.0%,0.0%,33.3%,0,83,0.0,10.7着,10.3人気,161.6,,250,0,0.0%,0.0%,33.3%,72.33,12.06,59.72
174,キンググローリアス, 0- 0- 1- 2/ 3,0.0%,0.0%,33.3%,0,43,0.0,5.3着,2.3人気,4.6,,130,0,0.0%,0.0%,33.3%,71.27,11.88,60.62
175,イエローゴツド, 0- 0- 1- 2/ 3,0.0%,0.0%,33.3%,0,290,0.0,9.3着,9.0人気,58.9,,870,0,0.0%,0.0%,33.3%,72.87,12.14,59.29
176,"Green Desert", 0- 0- 1- 2/ 3,0.0%,0.0%,33.3%,0,100,0.0,8.3着,7.0人気,27.9,,300,0,0.0%,0.0%,33.3%,71.40,11.90,60.50
177,Capote, 0- 0- 1- 2/ 3,0.0%,0.0%,33.3%,0,63,0.0,7.3着,9.0人気,94.8,,190,0,0.0%,0.0%,33.3%,73.03,12.17,59.15
178,リンバアダンサー, 0- 0- 1- 1/ 2,0.0%,0.0%,50.0%,0,90,0.0,8.0着,2.0人気,4.3,,180,0,0.0%,0.0%,50.0%,72.80,12.13,59.34
179,ベルマン, 0- 0- 1- 1/ 2,0.0%,0.0%,50.0%,0,75,0.0,7.0着,8.0人気,62.9,,150,0,0.0%,0.0%,50.0%,71.45,11.91,60.46
180,ハビトニー, 0- 0- 1- 1/ 2,0.0%,0.0%,50.0%,0,65,0.0,7.0着,4.5人気,11.0,,130,0,0.0%,0.0%,50.0%,73.70,12.28,58.62
181,ディープインパクト, 0- 0- 1- 1/ 2,0.0%,0.0%,50.0%,0,80,0.0,4.5着,4.0人気,8.6,,160,0,0.0%,0.0%,50.0%,70.90,11.82,60.93
182,タケシバオー, 0- 0- 1- 1/ 2,0.0%,0.0%,50.0%,0,140,0.0,9.0着,7.5人気,26.6,,280,0,0.0%,0.0%,50.0%,72.70,12.12,59.42
183,スポーツキー, 0- 0- 1- 1/ 2,0.0%,0.0%,50.0%,0,725,0.0,6.0着,13.5人気,83.8,,1450,0,0.0%,0.0%,50.0%,72.55,12.09,59.55
184,シヤンペンチヤーリー, 0- 0- 1- 1/ 2,0.0%,0.0%,50.0%,0,350,0.0,5.0着,7.5人気,62.1,,700,0,0.0%,0.0%,50.0%,73.30,12.22,58.94
185,インターメゾ, 0- 0- 1- 1/ 2,0.0%,0.0%,50.0%,0,80,0.0,4.5着,4.0人気,8.8,,160,0,0.0%,0.0%,50.0%,71.85,11.98,60.13
186,イングリツシユプリンス, 0- 0- 1- 1/ 2,0.0%,0.0%,50.0%,0,750,0.0,4.5着,12.5人気,126.1,,1500,0,0.0%,0.0%,50.0%,72.35,12.06,59.71
187,"What Luck", 0- 0- 1- 1/ 2,0.0%,0.0%,50.0%,0,225,0.0,4.5着,6.0人気,13.4,,450,0,0.0%,0.0%,50.0%,72.25,12.04,59.79
188,"Primo Dominie", 0- 0- 1- 1/ 2,0.0%,0.0%,50.0%,0,70,0.0,7.0着,5.5人気,17.6,,140,0,0.0%,0.0%,50.0%,73.85,12.31,58.50
189,マイニング, 0- 0- 1- 0/ 1,0.0%,0.0%,100.0%,0,130,0.0,3.0着,1.0人気,2.9,,130,0,0.0%,0.0%,100.0%,70.50,11.75,61.28
190,トライバルチーフ, 0- 0- 1- 0/ 1,0.0%,0.0%,100.0%,0,130,0.0,3.0着,3.0人気,6.7,,130,0,0.0%,0.0%,100.0%,72.60,12.10,59.50
191,テユデナム, 0- 0- 1- 0/ 1,0.0%,0.0%,100.0%,0,150,0.0,3.0着,1.0人気,2.9,,150,0,0.0%,0.0%,100.0%,71.30,11.88,60.59
192,スペシャルウィーク, 0- 0- 1- 0/ 1,0.0%,0.0%,100.0%,0,1120,0.0,3.0着,7.0人気,53.6,,1120,0,0.0%,0.0%,100.0%,71.20,11.87,60.67
193,カーネギー, 0- 0- 1- 0/ 1,0.0%,0.0%,100.0%,0,120,0.0,3.0着,2.0人気,3.6,,120,0,0.0%,0.0%,100.0%,72.60,12.10,59.50
194,Winrightt, 0- 0- 1- 0/ 1,0.0%,0.0%,100.0%,0,170,0.0,3.0着,5.0人気,34.1,,170,0,0.0%,0.0%,100.0%,72.40,12.07,59.67
195,Unfuwain, 0- 0- 1- 0/ 1,0.0%,0.0%,100.0%,0,690,0.0,3.0着,9.0人気,23.2,,690,0,0.0%,0.0%,100.0%,71.40,11.90,60.50
196,Splendent, 0- 0- 1- 0/ 1,0.0%,0.0%,100.0%,0,180,0.0,3.0着,2.0人気,4.4,,180,0,0.0%,0.0%,100.0%,69.90,11.65,61.80
197,Quadrangle, 0- 0- 1- 0/ 1,0.0%,0.0%,100.0%,0,100,0.0,3.0着,1.0人気,1.3,,100,0,0.0%,0.0%,100.0%,73.60,12.27,58.70
198,Kashmir, 0- 0- 1- 0/ 1,0.0%,0.0%,100.0%,0,800,0.0,3.0着,9.0人気,42.2,,800,0,0.0%,0.0%,100.0%,71.90,11.98,60.08
199,"Forty Niner", 0- 0- 1- 0/ 1,0.0%,0.0%,100.0%,0,140,0.0,3.0着,3.0人気,5.0,,140,0,0.0%,0.0%,100.0%,72.70,12.12,59.42
200,Fappiano, 0- 0- 1- 0/ 1,0.0%,0.0%,100.0%,0,120,0.0,3.0着,1.0人気,3.0,,120,0,0.0%,0.0%,100.0%,71.30,11.88,60.59
201,"Fabulous Dancer", 0- 0- 1- 0/ 1,0.0%,0.0%,100.0%,0,200,0.0,3.0着,3.0人気,7.7,,200,0,0.0%,0.0%,100.0%,71.40,11.90,60.50
202,"Desperate Dee", 0- 0- 1- 0/ 1,0.0%,0.0%,100.0%,0,340,0.0,3.0着,5.0人気,10.7,,340,0,0.0%,0.0%,100.0%,71.90,11.98,60.08
203,Cutlass, 0- 0- 1- 0/ 1,0.0%,0.0%,100.0%,0,280,0.0,3.0着,3.0人気,7.6,,280,0,0.0%,0.0%,100.0%,71.70,11.95,60.25
204,"Clever Trick", 0- 0- 1- 0/ 1,0.0%,0.0%,100.0%,0,110,0.0,3.0着,1.0人気,2.4,,110,0,0.0%,0.0%,100.0%,72.30,12.05,59.75
205,"Cape Cross", 0- 0- 1- 0/ 1,0.0%,0.0%,100.0%,0,550,0.0,3.0着,9.0人気,26.2,,550,0,0.0%,0.0%,100.0%,69.90,11.65,61.80
206,Bellotto, 0- 0- 1- 0/ 1,0.0%,0.0%,100.0%,0,200,0.0,3.0着,5.0人気,10.6,,200,0,0.0%,0.0%,100.0%,71.40,11.90,60.50
207,"Be My Guest", 0- 0- 1- 0/ 1,0.0%,0.0%,100.0%,0,0,0.0,3.0着,5.0人気,14.0,,,0,0.0%,0.0%,100.0%,75.20,12.53,57.45
208,ノーザンアンサー, 0- 0- 0- 5/ 5,0.0%,0.0%,0.0%,0,0,0.0,5.6着,7.2人気,35.6,,,0,0.0%,0.0%,0.0%,71.98,12.00,60.02
209,カツラギエース, 0- 0- 0- 5/ 5,0.0%,0.0%,0.0%,0,0,0.0,6.8着,9.8人気,82.1,,,0,0.0%,0.0%,0.0%,71.82,11.97,60.15
210,"Silver Hawk", 0- 0- 0- 2/ 2,0.0%,0.0%,0.0%,0,0,0.0,4.0着,4.5人気,10.3,,,0,0.0%,0.0%,0.0%,72.50,12.08,59.59
211,Lydian, 0- 0- 0- 2/ 2,0.0%,0.0%,0.0%,0,0,0.0,4.0着,2.5人気,4.5,,,0,0.0%,0.0%,0.0%,72.20,12.03,59.83
212,クリスタルグリツターズ, 0- 0- 0- 6/ 6,0.0%,0.0%,0.0%,0,0,0.0,6.8着,6.8人気,26.6,,,0,0.0%,0.0%,0.0%,71.82,11.97,60.15
213,コマンダーインチーフ, 0- 0- 0- 7/ 7,0.0%,0.0%,0.0%,0,0,0.0,11.3着,8.6人気,75.7,,,0,0.0%,0.0%,0.0%,72.41,12.07,59.66
214,ジヤツジアンジエルーチ, 0- 0- 0- 4/ 4,0.0%,0.0%,0.0%,0,0,0.0,8.5着,9.5人気,42.6,,,0,0.0%,0.0%,0.0%,71.50,11.92,60.42
215,サーペンフロ, 0- 0- 0- 4/ 4,0.0%,0.0%,0.0%,0,0,0.0,8.5着,9.0人気,60.3,,,0,0.0%,0.0%,0.0%,71.85,11.98,60.13
216,セダン, 0- 0- 0- 3/ 3,0.0%,0.0%,0.0%,0,0,0.0,5.7着,8.0人気,39.9,,,0,0.0%,0.0%,0.0%,73.90,12.32,58.46
217,"Storm Cat", 0- 0- 0- 3/ 3,0.0%,0.0%,0.0%,0,0,0.0,7.3着,8.0人気,47.8,,,0,0.0%,0.0%,0.0%,71.70,11.95,60.25
218,シエイデイハイツ, 0- 0- 0- 2/ 2,0.0%,0.0%,0.0%,0,0,0.0,4.5着,13.0人気,165.1,,,0,0.0%,0.0%,0.0%,72.35,12.06,59.71
219,Mujtahid, 0- 0- 0- 4/ 4,0.0%,0.0%,0.0%,0,0,0.0,6.5着,9.8人気,106.8,,,0,0.0%,0.0%,0.0%,71.68,11.95,60.27
220,ハギノカムイオー, 0- 0- 0- 3/ 3,0.0%,0.0%,0.0%,0,0,0.0,8.7着,9.7人気,48.9,,,0,0.0%,0.0%,0.0%,72.27,12.04,59.78
221,キタノカチドキ, 0- 0- 0- 3/ 3,0.0%,0.0%,0.0%,0,0,0.0,8.0着,8.3人気,34.6,,,0,0.0%,0.0%,0.0%,72.63,12.11,59.48
222,"Shirley Heights", 0- 0- 0- 3/ 3,0.0%,0.0%,0.0%,0,0,0.0,8.3着,8.7人気,95.9,,,0,0.0%,0.0%,0.0%,72.57,12.09,59.53
223,ロングフアスト, 0- 0- 0- 2/ 2,0.0%,0.0%,0.0%,0,0,0.0,5.0着,9.0人気,42.2,,,0,0.0%,0.0%,0.0%,72.75,12.13,59.38
224,リフアーズスペシヤル, 0- 0- 0- 2/ 2,0.0%,0.0%,0.0%,0,0,0.0,5.0着,4.5人気,16.1,,,0,0.0%,0.0%,0.0%,71.70,11.95,60.25
225,メジロマックイーン, 0- 0- 0- 2/ 2,0.0%,0.0%,0.0%,0,0,0.0,7.0着,4.0人気,17.5,,,0,0.0%,0.0%,0.0%,72.35,12.06,59.71
226,ソウルオブザマター, 0- 0- 0- 2/ 2,0.0%,0.0%,0.0%,0,0,0.0,7.0着,4.0人気,7.3,,,0,0.0%,0.0%,0.0%,71.30,11.88,60.59
227,サンプリンス, 0- 0- 0- 2/ 2,0.0%,0.0%,0.0%,0,0,0.0,8.5着,12.5人気,99.0,,,0,0.0%,0.0%,0.0%,72.65,12.11,59.46
228,アドマイヤベガ, 0- 0- 0- 2/ 2,0.0%,0.0%,0.0%,0,0,0.0,9.5着,10.0人気,80.6,,,0,0.0%,0.0%,0.0%,73.30,12.22,58.94
229,アーテイアス, 0- 0- 0- 2/ 2,0.0%,0.0%,0.0%,0,0,0.0,8.5着,8.5人気,58.3,,,0,0.0%,0.0%,0.0%,73.65,12.28,58.66
230,"Storm Bird", 0- 0- 0- 2/ 2,0.0%,0.0%,0.0%,0,0,0.0,6.0着,6.5人気,13.4,,,0,0.0%,0.0%,0.0%,72.05,12.01,59.96
231,Roberto, 0- 0- 0- 2/ 2,0.0%,0.0%,0.0%,0,0,0.0,6.0着,7.0人気,21.6,,,0,0.0%,0.0%,0.0%,74.20,12.37,58.22
232,Diablo, 0- 0- 0- 2/ 2,0.0%,0.0%,0.0%,0,0,0.0,7.0着,10.0人気,48.5,,,0,0.0%,0.0%,0.0%,71.10,11.85,60.76
233,Assert, 0- 0- 0- 2/ 2,0.0%,0.0%,0.0%,0,0,0.0,7.5着,7.5人気,18.2,,,0,0.0%,0.0%,0.0%,73.75,12.29,58.58
234,ロードザキヤノンズ, 0- 0- 0- 1/ 1,0.0%,0.0%,0.0%,0,0,0.0,4.0着,3.0人気,4.7,,,0,0.0%,0.0%,0.0%,72.20,12.03,59.83
235,ロイヤルタタン, 0- 0- 0- 1/ 1,0.0%,0.0%,0.0%,0,0,0.0,4.0着,4.0人気,17.8,,,0,0.0%,0.0%,0.0%,73.30,12.22,58.94
236,プロント, 0- 0- 0- 1/ 1,0.0%,0.0%,0.0%,0,0,0.0,4.0着,6.0人気,20.2,,,0,0.0%,0.0%,0.0%,70.70,11.78,61.10
237,デインヒル, 0- 0- 0- 1/ 1,0.0%,0.0%,0.0%,0,0,0.0,4.0着,10.0人気,34.0,,,0,0.0%,0.0%,0.0%,70.20,11.70,61.54
238,ツイツグ, 0- 0- 0- 1/ 1,0.0%,0.0%,0.0%,0,0,0.0,4.0着,7.0人気,19.1,,,0,0.0%,0.0%,0.0%,73.30,12.22,58.94
239,ダンデイルート, 0- 0- 0- 1/ 1,0.0%,0.0%,0.0%,0,0,0.0,4.0着,9.0人気,33.7,,,0,0.0%,0.0%,0.0%,72.40,12.07,59.67
240,ダイナコスモス, 0- 0- 0- 1/ 1,0.0%,0.0%,0.0%,0,0,0.0,4.0着,6.0人気,18.4,,,0,0.0%,0.0%,0.0%,72.90,12.15,59.26
241,ウイロウイツク, 0- 0- 0- 1/ 1,0.0%,0.0%,0.0%,0,0,0.0,4.0着,6.0人気,20.2,,,0,0.0%,0.0%,0.0%,71.40,11.90,60.50
242,"Tsunami Slew", 0- 0- 0- 1/ 1,0.0%,0.0%,0.0%,0,0,0.0,4.0着,5.0人気,19.3,,,0,0.0%,0.0%,0.0%,72.90,12.15,59.26
243,Sharpo, 0- 0- 0- 1/ 1,0.0%,0.0%,0.0%,0,0,0.0,4.0着,14.0人気,77.4,,,0,0.0%,0.0%,0.0%,70.20,11.70,61.54
244,"Runaway Groom", 0- 0- 0- 1/ 1,0.0%,0.0%,0.0%,0,0,0.0,4.0着,8.0人気,18.4,,,0,0.0%,0.0%,0.0%,71.50,11.92,60.42
245,"Riva Ridge", 0- 0- 0- 1/ 1,0.0%,0.0%,0.0%,0,0,0.0,4.0着,3.0人気,10.4,,,0,0.0%,0.0%,0.0%,75.60,12.60,57.14
246,"Redoute's Choice", 0- 0- 0- 1/ 1,0.0%,0.0%,0.0%,0,0,0.0,4.0着,5.0人気,8.3,,,0,0.0%,0.0%,0.0%,70.10,11.68,61.63
247,Manacle, 0- 0- 0- 1/ 1,0.0%,0.0%,0.0%,0,0,0.0,4.0着,2.0人気,4.4,,,0,0.0%,0.0%,0.0%,71.60,11.93,60.34
248,"Kennedy Road", 0- 0- 0- 1/ 1,0.0%,0.0%,0.0%,0,0,0.0,4.0着,4.0人気,7.6,,,0,0.0%,0.0%,0.0%,71.90,11.98,60.08
249,"Head For Heights", 0- 0- 0- 1/ 1,0.0%,0.0%,0.0%,0,0,0.0,4.0着,1.0人気,2.5,,,0,0.0%,0.0%,0.0%,71.90,11.98,60.08
250,"Full Out", 0- 0- 0- 1/ 1,0.0%,0.0%,0.0%,0,0,0.0,4.0着,12.0人気,64.1,,,0,0.0%,0.0%,0.0%,71.20,11.87,60.67
251,Foxhound, 0- 0- 0- 1/ 1,0.0%,0.0%,0.0%,0,0,0.0,4.0着,5.0人気,12.1,,,0,0.0%,0.0%,0.0%,70.70,11.78,61.10
252,Dahar, 0- 0- 0- 1/ 1,0.0%,0.0%,0.0%,0,0,0.0,4.0着,4.0人気,11.6,,,0,0.0%,0.0%,0.0%,72.80,12.13,59.34
253,Bering, 0- 0- 0- 1/ 1,0.0%,0.0%,0.0%,0,0,0.0,4.0着,3.0人気,3.9,,,0,0.0%,0.0%,0.0%,71.70,11.95,60.25
254,Authi, 0- 0- 0- 1/ 1,0.0%,0.0%,0.0%,0,0,0.0,4.0着,1.0人気,2.7,,,0,0.0%,0.0%,0.0%,74.10,12.35,58.30
255,"A.P. Indy", 0- 0- 0- 1/ 1,0.0%,0.0%,0.0%,0,0,0.0,4.0着,7.0人気,17.4,,,0,0.0%,0.0%,0.0%,69.60,11.60,62.07
256,フジキセキ, 0- 0- 0- 9/ 9,0.0%,0.0%,0.0%,0,0,0.0,10.1着,10.3人気,120.9,,,0,0.0%,0.0%,0.0%,71.88,11.98,60.10
257,アフリート, 0- 0- 0- 2/ 2,0.0%,0.0%,0.0%,0,0,0.0,5.0着,4.5人気,13.1,,,0,0.0%,0.0%,0.0%,73.60,12.27,58.70
258,マヤノトップガン, 0- 0- 0- 6/ 6,0.0%,0.0%,0.0%,0,0,0.0,8.5着,6.8人気,28.2,,,0,0.0%,0.0%,0.0%,71.73,11.96,60.22
259,ラインゴールド, 0- 0- 0- 4/ 4,0.0%,0.0%,0.0%,0,0,0.0,6.8着,6.3人気,53.6,,,0,0.0%,0.0%,0.0%,74.48,12.41,58.01
260,ミスターシービー, 0- 0- 0- 4/ 4,0.0%,0.0%,0.0%,0,0,0.0,9.0着,11.8人気,142.4,,,0,0.0%,0.0%,0.0%,73.55,12.26,58.74
261,"Blushing Groom", 0- 0- 0- 4/ 4,0.0%,0.0%,0.0%,0,0,0.0,9.0着,7.8人気,48.8,,,0,0.0%,0.0%,0.0%,74.83,12.47,57.73
262,エブロス, 0- 0- 0- 3/ 3,0.0%,0.0%,0.0%,0,0,0.0,6.0着,7.0人気,46.3,,,0,0.0%,0.0%,0.0%,71.87,11.98,60.11
263,エアジハード, 0- 0- 0- 3/ 3,0.0%,0.0%,0.0%,0,0,0.0,8.3着,6.0人気,12.8,,,0,0.0%,0.0%,0.0%,70.93,11.82,60.90
264,イルドブルボン, 0- 0- 0- 3/ 3,0.0%,0.0%,0.0%,0,0,0.0,9.0着,10.0人気,117.8,,,0,0.0%,0.0%,0.0%,73.67,12.28,58.64
265,Riverman, 0- 0- 0- 3/ 3,0.0%,0.0%,0.0%,0,0,0.0,9.3着,6.3人気,26.9,,,0,0.0%,0.0%,0.0%,72.20,12.03,59.83
266,Lomond, 0- 0- 0- 3/ 3,0.0%,0.0%,0.0%,0,0,0.0,7.0着,11.7人気,89.5,,,0,0.0%,0.0%,0.0%,72.73,12.12,59.40
267,リードワンダー, 0- 0- 0- 2/ 2,0.0%,0.0%,0.0%,0,0,0.0,8.0着,9.5人気,130.5,,,0,0.0%,0.0%,0.0%,73.15,12.19,59.06
268,ハンターコム, 0- 0- 0- 2/ 2,0.0%,0.0%,0.0%,0,0,0.0,7.0着,6.5人気,32.7,,,0,0.0%,0.0%,0.0%,74.15,12.36,58.26
269,ハーツクライ, 0- 0- 0- 2/ 2,0.0%,0.0%,0.0%,0,0,0.0,8.5着,10.0人気,79.0,,,0,0.0%,0.0%,0.0%,70.95,11.83,60.89
270,エリシオ, 0- 0- 0- 2/ 2,0.0%,0.0%,0.0%,0,0,0.0,8.0着,8.5人気,59.5,,,0,0.0%,0.0%,0.0%,72.15,12.03,59.88
271,Wassl, 0- 0- 0- 2/ 2,0.0%,0.0%,0.0%,0,0,0.0,8.5着,12.0人気,75.8,,,0,0.0%,0.0%,0.0%,71.35,11.89,60.55
272,Theatrical, 0- 0- 0- 2/ 2,0.0%,0.0%,0.0%,0,0,0.0,6.5着,8.0人気,21.9,,,0,0.0%,0.0%,0.0%,70.35,11.73,61.41
273,"Distorted Humor", 0- 0- 0- 2/ 2,0.0%,0.0%,0.0%,0,0,0.0,9.5着,4.5人気,8.0,,,0,0.0%,0.0%,0.0%,71.30,11.88,60.59
274,Darshaan, 0- 0- 0- 2/ 2,0.0%,0.0%,0.0%,0,0,0.0,5.5着,12.5人気,51.2,,,0,0.0%,0.0%,0.0%,71.20,11.87,60.67
275,"Bold Forbes", 0- 0- 0- 2/ 2,0.0%,0.0%,0.0%,0,0,0.0,8.5着,6.0人気,26.1,,,0,0.0%,0.0%,0.0%,73.30,12.22,58.94
276,ロドリゴデトリアーノ, 0- 0- 0- 1/ 1,0.0%,0.0%,0.0%,0,0,0.0,5.0着,8.0人気,33.1,,,0,0.0%,0.0%,0.0%,71.80,11.97,60.17
277,マーベラスサンデー, 0- 0- 0- 1/ 1,0.0%,0.0%,0.0%,0,0,0.0,5.0着,2.0人気,4.1,,,0,0.0%,0.0%,0.0%,70.20,11.70,61.54
278,ベリフア, 0- 0- 0- 1/ 1,0.0%,0.0%,0.0%,0,0,0.0,5.0着,7.0人気,61.9,,,0,0.0%,0.0%,0.0%,72.80,12.13,59.34
279,バゴ, 0- 0- 0- 1/ 1,0.0%,0.0%,0.0%,0,0,0.0,5.0着,5.0人気,21.8,,,0,0.0%,0.0%,0.0%,76.10,12.68,56.77
280,ニチドウアラシ, 0- 0- 0- 1/ 1,0.0%,0.0%,0.0%,0,0,0.0,5.0着,8.0人気,56.3,,,0,0.0%,0.0%,0.0%,72.20,12.03,59.83
281,デイカードレム, 0- 0- 0- 1/ 1,0.0%,0.0%,0.0%,0,0,0.0,5.0着,9.0人気,24.6,,,0,0.0%,0.0%,0.0%,72.30,12.05,59.75
282,ダイアトム, 0- 0- 0- 1/ 1,0.0%,0.0%,0.0%,0,0,0.0,5.0着,4.0人気,6.0,,,0,0.0%,0.0%,0.0%,74.20,12.37,58.22
283,スピニングワールド, 0- 0- 0- 1/ 1,0.0%,0.0%,0.0%,0,0,0.0,5.0着,5.0人気,11.1,,,0,0.0%,0.0%,0.0%,72.80,12.13,59.34
284,ジユニアス, 0- 0- 0- 1/ 1,0.0%,0.0%,0.0%,0,0,0.0,5.0着,6.0人気,14.6,,,0,0.0%,0.0%,0.0%,71.60,11.93,60.34
285,サドンソー, 0- 0- 0- 1/ 1,0.0%,0.0%,0.0%,0,0,0.0,5.0着,3.0人気,21.7,,,0,0.0%,0.0%,0.0%,73.80,12.30,58.54
286,キャプテンスティーヴ, 0- 0- 0- 1/ 1,0.0%,0.0%,0.0%,0,0,0.0,5.0着,3.0人気,4.8,,,0,0.0%,0.0%,0.0%,71.20,11.87,60.67
287,アラナス, 0- 0- 0- 1/ 1,0.0%,0.0%,0.0%,0,0,0.0,5.0着,5.0人気,6.9,,,0,0.0%,0.0%,0.0%,73.30,12.22,58.94
288,"Valid Appeal", 0- 0- 0- 1/ 1,0.0%,0.0%,0.0%,0,0,0.0,5.0着,1.0人気,1.6,,,0,0.0%,0.0%,0.0%,73.30,12.22,58.94
289,"Table Play", 0- 0- 0- 1/ 1,0.0%,0.0%,0.0%,0,0,0.0,5.0着,6.0人気,13.4,,,0,0.0%,0.0%,0.0%,72.10,12.02,59.92
290,"Sultry Song", 0- 0- 0- 1/ 1,0.0%,0.0%,0.0%,0,0,0.0,5.0着,6.0人気,74.2,,,0,0.0%,0.0%,0.0%,71.70,11.95,60.25
291,"Strike the Gold", 0- 0- 0- 1/ 1,0.0%,0.0%,0.0%,0,0,0.0,5.0着,5.0人気,13.9,,,0,0.0%,0.0%,0.0%,71.70,11.95,60.25
292,"Stop the Music", 0- 0- 0- 1/ 1,0.0%,0.0%,0.0%,0,0,0.0,5.0着,10.0人気,25.4,,,0,0.0%,0.0%,0.0%,72.80,12.13,59.34
293,Shamardal, 0- 0- 0- 1/ 1,0.0%,0.0%,0.0%,0,0,0.0,5.0着,2.0人気,3.3,,,0,0.0%,0.0%,0.0%,70.80,11.80,61.02
294,Semipalatinsk, 0- 0- 0- 1/ 1,0.0%,0.0%,0.0%,0,0,0.0,5.0着,14.0人気,234.1,,,0,0.0%,0.0%,0.0%,72.80,12.13,59.34
295,"Salt Lake", 0- 0- 0- 1/ 1,0.0%,0.0%,0.0%,0,0,0.0,5.0着,5.0人気,16.7,,,0,0.0%,0.0%,0.0%,71.40,11.90,60.50
296,"Royal Academy", 0- 0- 0- 1/ 1,0.0%,0.0%,0.0%,0,0,0.0,5.0着,2.0人気,3.4,,,0,0.0%,0.0%,0.0%,71.60,11.93,60.34
297,Nodouble, 0- 0- 0- 1/ 1,0.0%,0.0%,0.0%,0,0,0.0,5.0着,10.0人気,70.2,,,0,0.0%,0.0%,0.0%,73.10,12.18,59.10
298,"Moscow Ballet", 0- 0- 0- 1/ 1,0.0%,0.0%,0.0%,0,0,0.0,5.0着,5.0人気,15.6,,,0,0.0%,0.0%,0.0%,71.60,11.93,60.34
299,"Master Derby", 0- 0- 0- 1/ 1,0.0%,0.0%,0.0%,0,0,0.0,5.0着,3.0人気,7.1,,,0,0.0%,0.0%,0.0%,72.20,12.03,59.83
300,Dominion, 0- 0- 0- 1/ 1,0.0%,0.0%,0.0%,0,0,0.0,5.0着,3.0人気,9.0,,,0,0.0%,0.0%,0.0%,78.80,13.13,54.82
301,"Degenerate Jon", 0- 0- 0- 1/ 1,0.0%,0.0%,0.0%,0,0,0.0,5.0着,1.0人気,1.2,,,0,0.0%,0.0%,0.0%,74.30,12.38,58.14
302,Cryptoclearance, 0- 0- 0- 1/ 1,0.0%,0.0%,0.0%,0,0,0.0,5.0着,9.0人気,39.8,,,0,0.0%,0.0%,0.0%,72.80,12.13,59.34
303,Cormorant, 0- 0- 0- 1/ 1,0.0%,0.0%,0.0%,0,0,0.0,5.0着,2.0人気,3.8,,,0,0.0%,0.0%,0.0%,71.50,11.92,60.42
304,"Chief's Crown", 0- 0- 0- 1/ 1,0.0%,0.0%,0.0%,0,0,0.0,5.0着,5.0人気,10.2,,,0,0.0%,0.0%,0.0%,70.80,11.80,61.02
305,"Big Shuffle", 0- 0- 0- 1/ 1,0.0%,0.0%,0.0%,0,0,0.0,5.0着,14.0人気,79.9,,,0,0.0%,0.0%,0.0%,70.20,11.70,61.54
306,"Beldale Flutter", 0- 0- 0- 1/ 1,0.0%,0.0%,0.0%,0,0,0.0,5.0着,1.0人気,2.5,,,0,0.0%,0.0%,0.0%,72.90,12.15,59.26
307,ラツキーソブリン, 0- 0- 0- 7/ 7,0.0%,0.0%,0.0%,0,0,0.0,8.9着,10.0人気,66.9,,,0,0.0%,0.0%,0.0%,72.24,12.04,59.80
308,アスワン, 0- 0- 0- 6/ 6,0.0%,0.0%,0.0%,0,0,0.0,12.7着,10.0人気,69.6,,,0,0.0%,0.0%,0.0%,72.65,12.11,59.46
309,リマンド, 0- 0- 0- 5/ 5,0.0%,0.0%,0.0%,0,0,0.0,9.2着,8.4人気,39.0,,,0,0.0%,0.0%,0.0%,74.14,12.36,58.27
310,フレンチデピュティ, 0- 0- 0- 5/ 5,0.0%,0.0%,0.0%,0,0,0.0,11.0着,8.0人気,55.0,,,0,0.0%,0.0%,0.0%,70.82,11.80,61.00
311,クロフネ, 0- 0- 0- 5/ 5,0.0%,0.0%,0.0%,0,0,0.0,9.8着,10.0人気,124.4,,,0,0.0%,0.0%,0.0%,72.88,12.15,59.28
312,オペラハウス, 0- 0- 0- 5/ 5,0.0%,0.0%,0.0%,0,0,0.0,10.2着,8.8人気,86.1,,,0,0.0%,0.0%,0.0%,71.88,11.98,60.10
313,"Seattle Slew", 0- 0- 0- 5/ 5,0.0%,0.0%,0.0%,0,0,0.0,12.2着,13.2人気,112.0,,,0,0.0%,0.0%,0.0%,73.24,12.21,58.98
314,フラツシユオブステイール, 0- 0- 0- 4/ 4,0.0%,0.0%,0.0%,0,0,0.0,11.0着,7.3人気,43.9,,,0,0.0%,0.0%,0.0%,74.85,12.48,57.72
315,Nijinsky, 0- 0- 0- 4/ 4,0.0%,0.0%,0.0%,0,0,0.0,9.0着,8.3人気,33.4,,,0,0.0%,0.0%,0.0%,72.83,12.14,59.32
316,ワイルドラッシュ, 0- 0- 0- 3/ 3,0.0%,0.0%,0.0%,0,0,0.0,10.0着,8.7人気,99.5,,,0,0.0%,0.0%,0.0%,72.03,12.01,59.97
317,ロジンスキー, 0- 0- 0- 3/ 3,0.0%,0.0%,0.0%,0,0,0.0,13.0着,10.7人気,101.0,,,0,0.0%,0.0%,0.0%,73.97,12.33,58.40
318,マグニテユード, 0- 0- 0- 3/ 3,0.0%,0.0%,0.0%,0,0,0.0,10.0着,10.3人気,109.3,,,0,0.0%,0.0%,0.0%,72.77,12.13,59.37
319,プルラリズム, 0- 0- 0- 3/ 3,0.0%,0.0%,0.0%,0,0,0.0,9.0着,5.0人気,9.6,,,0,0.0%,0.0%,0.0%,73.10,12.18,59.10
320,フオルテイノ, 0- 0- 0- 3/ 3,0.0%,0.0%,0.0%,0,0,0.0,8.7着,9.7人気,46.9,,,0,0.0%,0.0%,0.0%,72.43,12.07,59.64
321,シンザン, 0- 0- 0- 3/ 3,0.0%,0.0%,0.0%,0,0,0.0,8.0着,7.7人気,30.6,,,0,0.0%,0.0%,0.0%,72.93,12.16,59.23
322,シービークロス, 0- 0- 0- 3/ 3,0.0%,0.0%,0.0%,0,0,0.0,7.3着,12.7人気,157.5,,,0,0.0%,0.0%,0.0%,72.13,12.02,59.89
323,サウスアトランテイツク, 0- 0- 0- 3/ 3,0.0%,0.0%,0.0%,0,0,0.0,12.0着,9.7人気,69.9,,,0,0.0%,0.0%,0.0%,73.63,12.27,58.67
324,"Tom Rolfe", 0- 0- 0- 3/ 3,0.0%,0.0%,0.0%,0,0,0.0,12.0着,11.3人気,168.1,,,0,0.0%,0.0%,0.0%,73.13,12.19,59.07
325,"General Assembly", 0- 0- 0- 3/ 3,0.0%,0.0%,0.0%,0,0,0.0,9.0着,10.0人気,46.7,,,0,0.0%,0.0%,0.0%,72.30,12.05,59.75
326,ワイズカウンセラー, 0- 0- 0- 2/ 2,0.0%,0.0%,0.0%,0,0,0.0,9.0着,9.5人気,32.0,,,0,0.0%,0.0%,0.0%,71.40,11.90,60.50
327,モバリツズ, 0- 0- 0- 2/ 2,0.0%,0.0%,0.0%,0,0,0.0,9.5着,12.0人気,79.1,,,0,0.0%,0.0%,0.0%,71.90,11.98,60.08
328,モーニングフローリツク, 0- 0- 0- 2/ 2,0.0%,0.0%,0.0%,0,0,0.0,8.0着,6.0人気,25.9,,,0,0.0%,0.0%,0.0%,71.85,11.98,60.13
329,メジロライアン, 0- 0- 0- 2/ 2,0.0%,0.0%,0.0%,0,0,0.0,10.5着,9.5人気,30.6,,,0,0.0%,0.0%,0.0%,71.95,11.99,60.04
330,ホープフリーオン, 0- 0- 0- 2/ 2,0.0%,0.0%,0.0%,0,0,0.0,9.0着,11.0人気,54.6,,,0,0.0%,0.0%,0.0%,74.65,12.44,57.87
331,プリンスオブバーズ, 0- 0- 0- 2/ 2,0.0%,0.0%,0.0%,0,0,0.0,9.0着,8.0人気,130.1,,,0,0.0%,0.0%,0.0%,72.30,12.05,59.75
332,フイデイオン, 0- 0- 0- 2/ 2,0.0%,0.0%,0.0%,0,0,0.0,10.5着,4.0人気,13.8,,,0,0.0%,0.0%,0.0%,72.25,12.04,59.79
333,フアイブダンサー, 0- 0- 0- 2/ 2,0.0%,0.0%,0.0%,0,0,0.0,9.0着,7.5人気,48.0,,,0,0.0%,0.0%,0.0%,74.15,12.36,58.26
334,ビンゴガルー, 0- 0- 0- 2/ 2,0.0%,0.0%,0.0%,0,0,0.0,8.0着,7.5人気,36.7,,,0,0.0%,0.0%,0.0%,74.90,12.48,57.68
335,ピツトカーン, 0- 0- 0- 2/ 2,0.0%,0.0%,0.0%,0,0,0.0,10.0着,9.0人気,20.7,,,0,0.0%,0.0%,0.0%,72.50,12.08,59.59
336,ヒツタイトグローリー, 0- 0- 0- 2/ 2,0.0%,0.0%,0.0%,0,0,0.0,8.0着,12.5人気,70.3,,,0,0.0%,0.0%,0.0%,72.15,12.03,59.88
337,ハワイアンイメージ, 0- 0- 0- 2/ 2,0.0%,0.0%,0.0%,0,0,0.0,12.0着,12.5人気,99.0,,,0,0.0%,0.0%,0.0%,73.40,12.23,58.86
338,バブルガムフェロー, 0- 0- 0- 2/ 2,0.0%,0.0%,0.0%,0,0,0.0,11.0着,8.0人気,62.6,,,0,0.0%,0.0%,0.0%,71.35,11.89,60.55
339,パーフライト, 0- 0- 0- 2/ 2,0.0%,0.0%,0.0%,0,0,0.0,11.0着,8.0人気,47.6,,,0,0.0%,0.0%,0.0%,74.00,12.33,58.38
340,ナグルスキー, 0- 0- 0- 2/ 2,0.0%,0.0%,0.0%,0,0,0.0,9.0着,8.0人気,37.5,,,0,0.0%,0.0%,0.0%,71.95,11.99,60.04
341,デヒア, 0- 0- 0- 2/ 2,0.0%,0.0%,0.0%,0,0,0.0,13.0着,12.0人気,85.1,,,0,0.0%,0.0%,0.0%,70.80,11.80,61.02
342,ティンバーカントリー, 0- 0- 0- 2/ 2,0.0%,0.0%,0.0%,0,0,0.0,7.0着,2.5人気,6.5,,,0,0.0%,0.0%,0.0%,71.75,11.96,60.21
343,デイバインギフト, 0- 0- 0- 2/ 2,0.0%,0.0%,0.0%,0,0,0.0,8.0着,5.0人気,9.7,,,0,0.0%,0.0%,0.0%,71.95,11.99,60.04
344,チヤイナロツク, 0- 0- 0- 2/ 2,0.0%,0.0%,0.0%,0,0,0.0,9.5着,11.0人気,158.4,,,0,0.0%,0.0%,0.0%,74.00,12.33,58.38
345,タバスコキャット, 0- 0- 0- 2/ 2,0.0%,0.0%,0.0%,0,0,0.0,11.5着,7.0人気,37.5,,,0,0.0%,0.0%,0.0%,71.75,11.96,60.21
346,ダイハード, 0- 0- 0- 2/ 2,0.0%,0.0%,0.0%,0,0,0.0,8.0着,5.5人気,27.4,,,0,0.0%,0.0%,0.0%,71.90,11.98,60.08
347,タイテエム, 0- 0- 0- 2/ 2,0.0%,0.0%,0.0%,0,0,0.0,10.5着,5.0人気,17.3,,,0,0.0%,0.0%,0.0%,71.70,11.95,60.25
348,ソーブレスド, 0- 0- 0- 2/ 2,0.0%,0.0%,0.0%,0,0,0.0,12.0着,7.0人気,22.6,,,0,0.0%,0.0%,0.0%,72.45,12.08,59.63
349,ゼンノロブロイ, 0- 0- 0- 2/ 2,0.0%,0.0%,0.0%,0,0,0.0,11.0着,10.5人気,89.3,,,0,0.0%,0.0%,0.0%,72.15,12.03,59.88
350,ゼダーン, 0- 0- 0- 2/ 2,0.0%,0.0%,0.0%,0,0,0.0,12.0着,12.5人気,55.9,,,0,0.0%,0.0%,0.0%,72.85,12.14,59.30
351,スマコバクリーク, 0- 0- 0- 2/ 2,0.0%,0.0%,0.0%,0,0,0.0,15.0着,14.0人気,227.8,,,0,0.0%,0.0%,0.0%,73.05,12.18,59.14
352,ステユーペンダス, 0- 0- 0- 2/ 2,0.0%,0.0%,0.0%,0,0,0.0,8.0着,9.5人気,31.6,,,0,0.0%,0.0%,0.0%,73.05,12.18,59.14
353,スターオブコジーン, 0- 0- 0- 2/ 2,0.0%,0.0%,0.0%,0,0,0.0,12.0着,10.5人気,66.6,,,0,0.0%,0.0%,0.0%,73.15,12.19,59.06
354,スイフトスワロー, 0- 0- 0- 2/ 2,0.0%,0.0%,0.0%,0,0,0.0,11.5着,13.0人気,158.9,,,0,0.0%,0.0%,0.0%,74.20,12.37,58.22
355,シンボリクリスエス, 0- 0- 0- 2/ 2,0.0%,0.0%,0.0%,0,0,0.0,6.0着,11.0人気,42.9,,,0,0.0%,0.0%,0.0%,71.20,11.87,60.67
356,シヤカプール, 0- 0- 0- 2/ 2,0.0%,0.0%,0.0%,0,0,0.0,7.5着,8.0人気,43.6,,,0,0.0%,0.0%,0.0%,74.60,12.43,57.91
357,ジェネラス, 0- 0- 0- 2/ 2,0.0%,0.0%,0.0%,0,0,0.0,9.0着,8.5人気,44.2,,,0,0.0%,0.0%,0.0%,72.45,12.08,59.63
358,ギヤロツプダイナ, 0- 0- 0- 2/ 2,0.0%,0.0%,0.0%,0,0,0.0,9.5着,5.5人気,24.7,,,0,0.0%,0.0%,0.0%,73.85,12.31,58.50
359,カコイーシーズ, 0- 0- 0- 2/ 2,0.0%,0.0%,0.0%,0,0,0.0,11.5着,10.0人気,113.1,,,0,0.0%,0.0%,0.0%,73.50,12.25,58.78
360,エンドスウィープ, 0- 0- 0- 2/ 2,0.0%,0.0%,0.0%,0,0,0.0,8.5着,12.0人気,28.6,,,0,0.0%,0.0%,0.0%,69.90,11.65,61.80
361,ウインザーノツト, 0- 0- 0- 2/ 2,0.0%,0.0%,0.0%,0,0,0.0,13.5着,14.0人気,147.3,,,0,0.0%,0.0%,0.0%,72.45,12.08,59.63
362,ヴイミー, 0- 0- 0- 2/ 2,0.0%,0.0%,0.0%,0,0,0.0,6.0着,6.0人気,25.6,,,0,0.0%,0.0%,0.0%,74.35,12.39,58.10
363,アンズプリテンダー, 0- 0- 0- 2/ 2,0.0%,0.0%,0.0%,0,0,0.0,9.5着,10.5人気,184.3,,,0,0.0%,0.0%,0.0%,73.65,12.28,58.66
364,アドマイヤコジーン, 0- 0- 0- 2/ 2,0.0%,0.0%,0.0%,0,0,0.0,8.5着,7.5人気,24.1,,,0,0.0%,0.0%,0.0%,70.75,11.79,61.06
365,"Vice Regent", 0- 0- 0- 2/ 2,0.0%,0.0%,0.0%,0,0,0.0,8.0着,3.0人気,8.7,,,0,0.0%,0.0%,0.0%,72.85,12.14,59.30
366,"Time for a Change", 0- 0- 0- 2/ 2,0.0%,0.0%,0.0%,0,0,0.0,11.0着,9.5人気,36.5,,,0,0.0%,0.0%,0.0%,73.35,12.23,58.90
367,Singspiel, 0- 0- 0- 2/ 2,0.0%,0.0%,0.0%,0,0,0.0,11.0着,11.0人気,66.3,,,0,0.0%,0.0%,0.0%,71.15,11.86,60.72
368,"Shelter Half", 0- 0- 0- 2/ 2,0.0%,0.0%,0.0%,0,0,0.0,8.0着,7.0人気,41.3,,,0,0.0%,0.0%,0.0%,71.45,11.91,60.46
369,"Seattle Song", 0- 0- 0- 2/ 2,0.0%,0.0%,0.0%,0,0,0.0,13.0着,9.5人気,51.9,,,0,0.0%,0.0%,0.0%,73.15,12.19,59.06
370,Nassipour, 0- 0- 0- 2/ 2,0.0%,0.0%,0.0%,0,0,0.0,6.5着,12.5人気,315.8,,,0,0.0%,0.0%,0.0%,73.60,12.27,58.70
371,"Mr. C. B.", 0- 0- 0- 2/ 2,0.0%,0.0%,0.0%,0,0,0.0,8.0着,12.5人気,151.2,,,0,0.0%,0.0%,0.0%,72.70,12.12,59.42
372,Miswaki, 0- 0- 0- 2/ 2,0.0%,0.0%,0.0%,0,0,0.0,10.0着,9.5人気,101.0,,,0,0.0%,0.0%,0.0%,72.20,12.03,59.83
373,Meadowlake, 0- 0- 0- 2/ 2,0.0%,0.0%,0.0%,0,0,0.0,10.5着,6.5人気,98.1,,,0,0.0%,0.0%,0.0%,73.40,12.23,58.86
374,"Majestic Light", 0- 0- 0- 2/ 2,0.0%,0.0%,0.0%,0,0,0.0,10.5着,8.0人気,86.5,,,0,0.0%,0.0%,0.0%,73.05,12.18,59.14
375,"Key to the Mint", 0- 0- 0- 2/ 2,0.0%,0.0%,0.0%,0,0,0.0,12.0着,5.0人気,13.0,,,0,0.0%,0.0%,0.0%,73.90,12.32,58.46
376,"J. O. Tobin", 0- 0- 0- 2/ 2,0.0%,0.0%,0.0%,0,0,0.0,14.5着,11.5人気,87.5,,,0,0.0%,0.0%,0.0%,74.10,12.35,58.30
377,Drone, 0- 0- 0- 2/ 2,0.0%,0.0%,0.0%,0,0,0.0,14.0着,9.0人気,24.1,,,0,0.0%,0.0%,0.0%,71.55,11.93,60.38
378,"Deputy Minister", 0- 0- 0- 2/ 2,0.0%,0.0%,0.0%,0,0,0.0,14.5着,12.5人気,50.2,,,0,0.0%,0.0%,0.0%,72.10,12.02,59.92
379,"Danzig Connection", 0- 0- 0- 2/ 2,0.0%,0.0%,0.0%,0,0,0.0,9.5着,5.0人気,10.9,,,0,0.0%,0.0%,0.0%,72.40,12.07,59.67
380,"Conquistador Cielo", 0- 0- 0- 2/ 2,0.0%,0.0%,0.0%,0,0,0.0,10.5着,13.5人気,202.2,,,0,0.0%,0.0%,0.0%,71.65,11.94,60.29
381,"Better Boy", 0- 0- 0- 2/ 2,0.0%,0.0%,0.0%,0,0,0.0,8.5着,11.0人気,189.2,,,0,0.0%,0.0%,0.0%,72.70,12.12,59.42
382,ワードパン, 0- 0- 0- 1/ 1,0.0%,0.0%,0.0%,0,0,0.0,7.0着,12.0人気,102.7,,,0,0.0%,0.0%,0.0%,73.90,12.32,58.46
383,ロングミツク, 0- 0- 0- 1/ 1,0.0%,0.0%,0.0%,0,0,0.0,11.0着,10.0人気,55.8,,,0,0.0%,0.0%,0.0%,71.80,11.97,60.17
384,ロックオブジブラルタル, 0- 0- 0- 1/ 1,0.0%,0.0%,0.0%,0,0,0.0,6.0着,6.0人気,17.7,,,0,0.0%,0.0%,0.0%,71.80,11.97,60.17
385,ロイヤルアカデミー2, 0- 0- 0- 1/ 1,0.0%,0.0%,0.0%,0,0,0.0,8.0着,4.0人気,15.6,,,0,0.0%,0.0%,0.0%,72.10,12.02,59.92
386,レシテイシヨン, 0- 0- 0- 1/ 1,0.0%,0.0%,0.0%,0,0,0.0,11.0着,14.0人気,137.3,,,0,0.0%,0.0%,0.0%,72.40,12.07,59.67
387,レジエンドテイオー, 0- 0- 0- 1/ 1,0.0%,0.0%,0.0%,0,0,0.0,12.0着,11.0人気,75.8,,,0,0.0%,0.0%,0.0%,73.80,12.30,58.54
388,レイズアボーイ, 0- 0- 0- 1/ 1,0.0%,0.0%,0.0%,0,0,0.0,15.0着,12.0人気,168.9,,,0,0.0%,0.0%,0.0%,74.00,12.33,58.38
389,ルセリ, 0- 0- 0- 1/ 1,0.0%,0.0%,0.0%,0,0,0.0,10.0着,8.0人気,23.0,,,0,0.0%,0.0%,0.0%,71.20,11.87,60.67
390,リズム, 0- 0- 0- 1/ 1,0.0%,0.0%,0.0%,0,0,0.0,6.0着,11.0人気,52.7,,,0,0.0%,0.0%,0.0%,71.70,11.95,60.25
391,リーフグレイド, 0- 0- 0- 1/ 1,0.0%,0.0%,0.0%,0,0,0.0,10.0着,11.0人気,40.4,,,0,0.0%,0.0%,0.0%,72.60,12.10,59.50
392,リーフアーマツドネス, 0- 0- 0- 1/ 1,0.0%,0.0%,0.0%,0,0,0.0,8.0着,8.0人気,14.5,,,0,0.0%,0.0%,0.0%,71.50,11.92,60.42
393,リアルム, 0- 0- 0- 1/ 1,0.0%,0.0%,0.0%,0,0,0.0,12.0着,7.0人気,49.7,,,0,0.0%,0.0%,0.0%,74.00,12.33,58.38
394,ラナーク, 0- 0- 0- 1/ 1,0.0%,0.0%,0.0%,0,0,0.0,8.0着,2.0人気,3.9,,,0,0.0%,0.0%,0.0%,75.20,12.53,57.45
395,ラツキールーラ, 0- 0- 0- 1/ 1,0.0%,0.0%,0.0%,0,0,0.0,14.0着,8.0人気,34.0,,,0,0.0%,0.0%,0.0%,71.90,11.98,60.08
396,ヨシノエデン, 0- 0- 0- 1/ 1,0.0%,0.0%,0.0%,0,0,0.0,7.0着,11.0人気,92.5,,,0,0.0%,0.0%,0.0%,72.60,12.10,59.50
397,メリーナイス, 0- 0- 0- 1/ 1,0.0%,0.0%,0.0%,0,0,0.0,8.0着,13.0人気,89.0,,,0,0.0%,0.0%,0.0%,72.10,12.02,59.92
398,ムタファーウエク, 0- 0- 0- 1/ 1,0.0%,0.0%,0.0%,0,0,0.0,9.0着,10.0人気,55.6,,,0,0.0%,0.0%,0.0%,71.30,11.88,60.59
399,ミンスキー, 0- 0- 0- 1/ 1,0.0%,0.0%,0.0%,0,0,0.0,6.0着,6.0人気,9.7,,,0,0.0%,0.0%,0.0%,71.90,11.98,60.08
400,ミユゲロワイヤル, 0- 0- 0- 1/ 1,0.0%,0.0%,0.0%,0,0,0.0,15.0着,6.0人気,23.5,,,0,0.0%,0.0%,0.0%,73.50,12.25,58.78
401,ミシル, 0- 0- 0- 1/ 1,0.0%,0.0%,0.0%,0,0,0.0,8.0着,6.0人気,12.2,,,0,0.0%,0.0%,0.0%,70.90,11.82,60.93
402,マリーノ, 0- 0- 0- 1/ 1,0.0%,0.0%,0.0%,0,0,0.0,13.0着,4.0人気,11.3,,,0,0.0%,0.0%,0.0%,73.10,12.18,59.10
403,マナード, 0- 0- 0- 1/ 1,0.0%,0.0%,0.0%,0,0,0.0,11.0着,16.0人気,216.0,,,0,0.0%,0.0%,0.0%,72.20,12.03,59.83
404,マタドア, 0- 0- 0- 1/ 1,0.0%,0.0%,0.0%,0,0,0.0,9.0着,9.0人気,33.3,,,0,0.0%,0.0%,0.0%,71.80,11.97,60.17
405,ホスピタリテイ, 0- 0- 0- 1/ 1,0.0%,0.0%,0.0%,0,0,0.0,9.0着,12.0人気,128.3,,,0,0.0%,0.0%,0.0%,73.40,12.23,58.86
406,ホクトフラツグ, 0- 0- 0- 1/ 1,0.0%,0.0%,0.0%,0,0,0.0,11.0着,12.0人気,116.2,,,0,0.0%,0.0%,0.0%,73.70,12.28,58.62
407,ヘネシー, 0- 0- 0- 1/ 1,0.0%,0.0%,0.0%,0,0,0.0,13.0着,12.0人気,64.2,,,0,0.0%,0.0%,0.0%,70.80,11.80,61.02
408,フロリバンダ, 0- 0- 0- 1/ 1,0.0%,0.0%,0.0%,0,0,0.0,14.0着,14.0人気,123.8,,,0,0.0%,0.0%,0.0%,74.20,12.37,58.22
409,ブラックタイアフェアー, 0- 0- 0- 1/ 1,0.0%,0.0%,0.0%,0,0,0.0,11.0着,10.0人気,18.2,,,0,0.0%,0.0%,0.0%,70.10,11.68,61.63
410,フアルコン, 0- 0- 0- 1/ 1,0.0%,0.0%,0.0%,0,0,0.0,10.0着,5.0人気,9.0,,,0,0.0%,0.0%,0.0%,71.70,11.95,60.25
411,フアラモンド, 0- 0- 0- 1/ 1,0.0%,0.0%,0.0%,0,0,0.0,13.0着,10.0人気,50.1,,,0,0.0%,0.0%,0.0%,71.70,11.95,60.25
412,フアインポート, 0- 0- 0- 1/ 1,0.0%,0.0%,0.0%,0,0,0.0,9.0着,13.0人気,200.6,,,0,0.0%,0.0%,0.0%,74.10,12.35,58.30
413,ビワハヤヒデ, 0- 0- 0- 1/ 1,0.0%,0.0%,0.0%,0,0,0.0,7.0着,10.0人気,179.5,,,0,0.0%,0.0%,0.0%,74.00,12.33,58.38
414,ビワタケヒデ, 0- 0- 0- 1/ 1,0.0%,0.0%,0.0%,0,0,0.0,9.0着,8.0人気,17.6,,,0,0.0%,0.0%,0.0%,71.40,11.90,60.50
415,ピルサドスキー, 0- 0- 0- 1/ 1,0.0%,0.0%,0.0%,0,0,0.0,10.0着,4.0人気,10.1,,,0,0.0%,0.0%,0.0%,72.40,12.07,59.67
416,ヒデハヤテ, 0- 0- 0- 1/ 1,0.0%,0.0%,0.0%,0,0,0.0,13.0着,7.0人気,35.0,,,0,0.0%,0.0%,0.0%,75.50,12.58,57.22
417,パントレセレブル, 0- 0- 0- 1/ 1,0.0%,0.0%,0.0%,0,0,0.0,10.0着,10.0人気,256.9,,,0,0.0%,0.0%,0.0%,74.10,12.35,58.30
418,ハンティングホーク, 0- 0- 0- 1/ 1,0.0%,0.0%,0.0%,0,0,0.0,12.0着,15.0人気,195.3,,,0,0.0%,0.0%,0.0%,70.90,11.82,60.93
419,ハンザダンサー, 0- 0- 0- 1/ 1,0.0%,0.0%,0.0%,0,0,0.0,14.0着,6.0人気,19.3,,,0,0.0%,0.0%,0.0%,73.40,12.23,58.86
420,パラダイスクリーク, 0- 0- 0- 1/ 1,0.0%,0.0%,0.0%,0,0,0.0,9.0着,15.0人気,170.5,,,0,0.0%,0.0%,0.0%,72.80,12.13,59.34
421,ハヤテミグ, 0- 0- 0- 1/ 1,0.0%,0.0%,0.0%,0,0,0.0,11.0着,13.0人気,77.8,,,0,0.0%,0.0%,0.0%,72.40,12.07,59.67
422,ハバツト, 0- 0- 0- 1/ 1,0.0%,0.0%,0.0%,0,0,0.0,7.0着,4.0人気,8.6,,,0,0.0%,0.0%,0.0%,73.00,12.17,59.18
423,ハクホオシヨウ, 0- 0- 0- 1/ 1,0.0%,0.0%,0.0%,0,0,0.0,16.0着,16.0人気,279.3,,,0,0.0%,0.0%,0.0%,71.70,11.95,60.25
424,バウンテイアス, 0- 0- 0- 1/ 1,0.0%,0.0%,0.0%,0,0,0.0,7.0着,1.0人気,2.8,,,0,0.0%,0.0%,0.0%,73.80,12.30,58.54
425,ハープアイル, 0- 0- 0- 1/ 1,0.0%,0.0%,0.0%,0,0,0.0,8.0着,8.0人気,114.4,,,0,0.0%,0.0%,0.0%,74.10,12.35,58.30
426,バーバー, 0- 0- 0- 1/ 1,0.0%,0.0%,0.0%,0,0,0.0,9.0着,6.0人気,23.9,,,0,0.0%,0.0%,0.0%,74.20,12.37,58.22
427,ノーリユート, 0- 0- 0- 1/ 1,0.0%,0.0%,0.0%,0,0,0.0,10.0着,6.0人気,16.7,,,0,0.0%,0.0%,0.0%,73.20,12.20,59.02
428,ノーザンネイテイヴ, 0- 0- 0- 1/ 1,0.0%,0.0%,0.0%,0,0,0.0,15.0着,7.0人気,20.7,,,0,0.0%,0.0%,0.0%,74.00,12.33,58.38
429,ネオユニヴァース, 0- 0- 0- 1/ 1,0.0%,0.0%,0.0%,0,0,0.0,16.0着,13.0人気,147.4,,,0,0.0%,0.0%,0.0%,76.00,12.67,56.84
430,ニホンピロマーチ, 0- 0- 0- 1/ 1,0.0%,0.0%,0.0%,0,0,0.0,10.0着,8.0人気,39.5,,,0,0.0%,0.0%,0.0%,72.50,12.08,59.59
431,ニゾン, 0- 0- 0- 1/ 1,0.0%,0.0%,0.0%,0,0,0.0,13.0着,12.0人気,51.1,,,0,0.0%,0.0%,0.0%,72.70,12.12,59.42
432,ナリタブライアン, 0- 0- 0- 1/ 1,0.0%,0.0%,0.0%,0,0,0.0,7.0着,9.0人気,28.3,,,0,0.0%,0.0%,0.0%,71.50,11.92,60.42
433,ナオキ, 0- 0- 0- 1/ 1,0.0%,0.0%,0.0%,0,0,0.0,7.0着,11.0人気,114.6,,,0,0.0%,0.0%,0.0%,73.40,12.23,58.86
434,ドン, 0- 0- 0- 1/ 1,0.0%,0.0%,0.0%,0,0,0.0,6.0着,9.0人気,75.8,,,0,0.0%,0.0%,0.0%,72.80,12.13,59.34
435,トラフイツク, 0- 0- 0- 1/ 1,0.0%,0.0%,0.0%,0,0,0.0,8.0着,6.0人気,10.5,,,0,0.0%,0.0%,0.0%,71.50,11.92,60.42
436,トウシヨウルチエー, 0- 0- 0- 1/ 1,0.0%,0.0%,0.0%,0,0,0.0,12.0着,11.0人気,92.6,,,0,0.0%,0.0%,0.0%,74.20,12.37,58.22
437,トウシヨウピツト, 0- 0- 0- 1/ 1,0.0%,0.0%,0.0%,0,0,0.0,12.0着,9.0人気,60.1,,,0,0.0%,0.0%,0.0%,74.70,12.45,57.83
438,トウカイテイオー, 0- 0- 0- 1/ 1,0.0%,0.0%,0.0%,0,0,0.0,16.0着,14.0人気,135.9,,,0,0.0%,0.0%,0.0%,72.20,12.03,59.83
439,テンパレートシル, 0- 0- 0- 1/ 1,0.0%,0.0%,0.0%,0,0,0.0,6.0着,6.0人気,22.8,,,0,0.0%,0.0%,0.0%,71.20,11.87,60.67
440,テイツトフオアタツト, 0- 0- 0- 1/ 1,0.0%,0.0%,0.0%,0,0,0.0,12.0着,7.0人気,26.2,,,0,0.0%,0.0%,0.0%,72.60,12.10,59.50
441,ティッカネン, 0- 0- 0- 1/ 1,0.0%,0.0%,0.0%,0,0,0.0,8.0着,10.0人気,30.3,,,0,0.0%,0.0%,0.0%,71.30,11.88,60.59
442,タカウオーク, 0- 0- 0- 1/ 1,0.0%,0.0%,0.0%,0,0,0.0,9.0着,4.0人気,16.8,,,0,0.0%,0.0%,0.0%,76.40,12.73,56.54
443,ダイナマイトメール, 0- 0- 0- 1/ 1,0.0%,0.0%,0.0%,0,0,0.0,7.0着,1.0人気,3.1,,,0,0.0%,0.0%,0.0%,70.90,11.82,60.93
444,ゼンノエルシド, 0- 0- 0- 1/ 1,0.0%,0.0%,0.0%,0,0,0.0,14.0着,6.0人気,14.8,,,0,0.0%,0.0%,0.0%,72.90,12.15,59.26
445,セルテイツクアツシユ, 0- 0- 0- 1/ 1,0.0%,0.0%,0.0%,0,0,0.0,7.0着,7.0人気,28.8,,,0,0.0%,0.0%,0.0%,72.10,12.02,59.92
446,ストラダビンスキー, 0- 0- 0- 1/ 1,0.0%,0.0%,0.0%,0,0,0.0,6.0着,12.0人気,47.7,,,0,0.0%,0.0%,0.0%,70.80,11.80,61.02
447,ストラヴィンスキー, 0- 0- 0- 1/ 1,0.0%,0.0%,0.0%,0,0,0.0,13.0着,8.0人気,24.8,,,0,0.0%,0.0%,0.0%,71.80,11.97,60.17
448,スウェプトオーヴァーボード, 0- 0- 0- 1/ 1,0.0%,0.0%,0.0%,0,0,0.0,15.0着,14.0人気,172.2,,,0,0.0%,0.0%,0.0%,72.20,12.03,59.83
449,シンチェスト, 0- 0- 0- 1/ 1,0.0%,0.0%,0.0%,0,0,0.0,8.0着,10.0人気,63.5,,,0,0.0%,0.0%,0.0%,72.10,12.02,59.92
450,シルバーシヤーク, 0- 0- 0- 1/ 1,0.0%,0.0%,0.0%,0,0,0.0,6.0着,13.0人気,69.9,,,0,0.0%,0.0%,0.0%,70.50,11.75,61.28
451,ジヨンテイオンブル, 0- 0- 0- 1/ 1,0.0%,0.0%,0.0%,0,0,0.0,13.0着,14.0人気,77.4,,,0,0.0%,0.0%,0.0%,73.40,12.23,58.86
452,シヤトーゲイ, 0- 0- 0- 1/ 1,0.0%,0.0%,0.0%,0,0,0.0,9.0着,5.0人気,9.2,,,0,0.0%,0.0%,0.0%,73.20,12.20,59.02
453,シヤイニングナイト, 0- 0- 0- 1/ 1,0.0%,0.0%,0.0%,0,0,0.0,8.0着,8.0人気,66.1,,,0,0.0%,0.0%,0.0%,72.80,12.13,59.34
454,ジムフレンチ, 0- 0- 0- 1/ 1,0.0%,0.0%,0.0%,0,0,0.0,14.0着,13.0人気,160.1,,,0,0.0%,0.0%,0.0%,74.40,12.40,58.06
455,ジェリ, 0- 0- 0- 1/ 1,0.0%,0.0%,0.0%,0,0,0.0,9.0着,5.0人気,13.1,,,0,0.0%,0.0%,0.0%,70.00,11.67,61.71
456,サンキリコ, 0- 0- 0- 1/ 1,0.0%,0.0%,0.0%,0,0,0.0,7.0着,9.0人気,44.5,,,0,0.0%,0.0%,0.0%,73.10,12.18,59.10
457,サテインゴ, 0- 0- 0- 1/ 1,0.0%,0.0%,0.0%,0,0,0.0,14.0着,11.0人気,61.3,,,0,0.0%,0.0%,0.0%,75.40,12.57,57.29
458,サクラローレル, 0- 0- 0- 1/ 1,0.0%,0.0%,0.0%,0,0,0.0,10.0着,8.0人気,36.0,,,0,0.0%,0.0%,0.0%,72.00,12.00,60.00
459,サクラロータリー, 0- 0- 0- 1/ 1,0.0%,0.0%,0.0%,0,0,0.0,10.0着,5.0人気,18.3,,,0,0.0%,0.0%,0.0%,73.50,12.25,58.78
460,サウスヴィグラス, 0- 0- 0- 1/ 1,0.0%,0.0%,0.0%,0,0,0.0,10.0着,15.0人気,129.8,,,0,0.0%,0.0%,0.0%,72.20,12.03,59.83
461,コロナドズクエスト, 0- 0- 0- 1/ 1,0.0%,0.0%,0.0%,0,0,0.0,10.0着,5.0人気,10.1,,,0,0.0%,0.0%,0.0%,71.60,11.93,60.34
462,ゴライタス, 0- 0- 0- 1/ 1,0.0%,0.0%,0.0%,0,0,0.0,15.0着,16.0人気,254.2,,,0,0.0%,0.0%,0.0%,72.00,12.00,60.00
463,コトノアサブキ, 0- 0- 0- 1/ 1,0.0%,0.0%,0.0%,0,0,0.0,12.0着,13.0人気,214.8,,,0,0.0%,0.0%,0.0%,74.00,12.33,58.38
464,ゴールデンフェザント, 0- 0- 0- 1/ 1,0.0%,0.0%,0.0%,0,0,0.0,8.0着,5.0人気,17.3,,,0,0.0%,0.0%,0.0%,71.90,11.98,60.08
465,ゴーマーチング, 0- 0- 0- 1/ 1,0.0%,0.0%,0.0%,0,0,0.0,7.0着,11.0人気,57.1,,,0,0.0%,0.0%,0.0%,71.80,11.97,60.17
466,コインドシルバー, 0- 0- 0- 1/ 1,0.0%,0.0%,0.0%,0,0,0.0,16.0着,16.0人気,526.9,,,0,0.0%,0.0%,0.0%,74.90,12.48,57.68
467,ゲイメセン, 0- 0- 0- 1/ 1,0.0%,0.0%,0.0%,0,0,0.0,6.0着,5.0人気,9.2,,,0,0.0%,0.0%,0.0%,70.80,11.80,61.02
468,ゲイサン, 0- 0- 0- 1/ 1,0.0%,0.0%,0.0%,0,0,0.0,12.0着,8.0人気,35.9,,,0,0.0%,0.0%,0.0%,73.40,12.23,58.86
469,クロケツト, 0- 0- 0- 1/ 1,0.0%,0.0%,0.0%,0,0,0.0,11.0着,9.0人気,23.9,,,0,0.0%,0.0%,0.0%,74.10,12.35,58.30
470,クリミナルタイプ, 0- 0- 0- 1/ 1,0.0%,0.0%,0.0%,0,0,0.0,13.0着,11.0人気,89.6,,,0,0.0%,0.0%,0.0%,73.00,12.17,59.18
471,グリーングラス, 0- 0- 0- 1/ 1,0.0%,0.0%,0.0%,0,0,0.0,10.0着,10.0人気,33.0,,,0,0.0%,0.0%,0.0%,72.30,12.05,59.75
472,キングオブダービー, 0- 0- 0- 1/ 1,0.0%,0.0%,0.0%,0,0,0.0,13.0着,9.0人気,24.1,,,0,0.0%,0.0%,0.0%,71.30,11.88,60.59
473,カネミノブ, 0- 0- 0- 1/ 1,0.0%,0.0%,0.0%,0,0,0.0,13.0着,15.0人気,318.9,,,0,0.0%,0.0%,0.0%,74.00,12.33,58.38
474,オース, 0- 0- 0- 1/ 1,0.0%,0.0%,0.0%,0,0,0.0,6.0着,10.0人気,184.4,,,0,0.0%,0.0%,0.0%,73.10,12.18,59.10
475,エンペリー, 0- 0- 0- 1/ 1,0.0%,0.0%,0.0%,0,0,0.0,8.0着,7.0人気,29.2,,,0,0.0%,0.0%,0.0%,75.10,12.52,57.52
476,エルハーブ, 0- 0- 0- 1/ 1,0.0%,0.0%,0.0%,0,0,0.0,6.0着,3.0人気,8.1,,,0,0.0%,0.0%,0.0%,71.90,11.98,60.08
477,エルセンタウロ, 0- 0- 0- 1/ 1,0.0%,0.0%,0.0%,0,0,0.0,12.0着,13.0人気,49.1,,,0,0.0%,0.0%,0.0%,73.80,12.30,58.54
478,エルセニョール, 0- 0- 0- 1/ 1,0.0%,0.0%,0.0%,0,0,0.0,14.0着,15.0人気,224.7,,,0,0.0%,0.0%,0.0%,72.60,12.10,59.50
479,エリモホーク, 0- 0- 0- 1/ 1,0.0%,0.0%,0.0%,0,0,0.0,7.0着,11.0人気,45.5,,,0,0.0%,0.0%,0.0%,72.20,12.03,59.83
480,ウォーエンブレム, 0- 0- 0- 1/ 1,0.0%,0.0%,0.0%,0,0,0.0,11.0着,11.0人気,41.3,,,0,0.0%,0.0%,0.0%,71.90,11.98,60.08
481,ヴアリイフオージユ, 0- 0- 0- 1/ 1,0.0%,0.0%,0.0%,0,0,0.0,11.0着,5.0人気,8.3,,,0,0.0%,0.0%,0.0%,72.30,12.05,59.75
482,インデエアンキング, 0- 0- 0- 1/ 1,0.0%,0.0%,0.0%,0,0,0.0,12.0着,13.0人気,38.8,,,0,0.0%,0.0%,0.0%,72.20,12.03,59.83
483,イースタンフリート, 0- 0- 0- 1/ 1,0.0%,0.0%,0.0%,0,0,0.0,6.0着,6.0人気,17.2,,,0,0.0%,0.0%,0.0%,73.60,12.27,58.70
484,アンシエントタイム, 0- 0- 0- 1/ 1,0.0%,0.0%,0.0%,0,0,0.0,11.0着,12.0人気,197.8,,,0,0.0%,0.0%,0.0%,74.30,12.38,58.14
485,アルカセット, 0- 0- 0- 1/ 1,0.0%,0.0%,0.0%,0,0,0.0,7.0着,5.0人気,8.4,,,0,0.0%,0.0%,0.0%,69.80,11.63,61.89
486,アドマイヤムーン, 0- 0- 0- 1/ 1,0.0%,0.0%,0.0%,0,0,0.0,16.0着,16.0人気,515.2,,,0,0.0%,0.0%,0.0%,73.40,12.23,58.86
487,アツプセツター, 0- 0- 0- 1/ 1,0.0%,0.0%,0.0%,0,0,0.0,15.0着,6.0人気,20.9,,,0,0.0%,0.0%,0.0%,74.50,12.42,57.99
488,アジュディケーティング, 0- 0- 0- 1/ 1,0.0%,0.0%,0.0%,0,0,0.0,8.0着,12.0人気,88.5,,,0,0.0%,0.0%,0.0%,72.80,12.13,59.34
489,アグネスプレス, 0- 0- 0- 1/ 1,0.0%,0.0%,0.0%,0,0,0.0,10.0着,16.0人気,274.1,,,0,0.0%,0.0%,0.0%,73.20,12.20,59.02
490,アグネスデジタル, 0- 0- 0- 1/ 1,0.0%,0.0%,0.0%,0,0,0.0,12.0着,7.0人気,31.4,,,0,0.0%,0.0%,0.0%,72.70,12.12,59.42
491,アイリツシユボール, 0- 0- 0- 1/ 1,0.0%,0.0%,0.0%,0,0,0.0,7.0着,3.0人気,9.0,,,0,0.0%,0.0%,0.0%,73.80,12.30,58.54
492,"Young Emperor", 0- 0- 0- 1/ 1,0.0%,0.0%,0.0%,0,0,0.0,8.0着,3.0人気,5.0,,,0,0.0%,0.0%,0.0%,72.10,12.02,59.92
493,"Wild Again", 0- 0- 0- 1/ 1,0.0%,0.0%,0.0%,0,0,0.0,12.0着,12.0人気,76.8,,,0,0.0%,0.0%,0.0%,72.30,12.05,59.75
494,Verbatim, 0- 0- 0- 1/ 1,0.0%,0.0%,0.0%,0,0,0.0,9.0着,13.0人気,81.2,,,0,0.0%,0.0%,0.0%,71.70,11.95,60.25
495,Tiznow, 0- 0- 0- 1/ 1,0.0%,0.0%,0.0%,0,0,0.0,14.0着,9.0人気,21.2,,,0,0.0%,0.0%,0.0%,72.10,12.02,59.92
496,Thatching, 0- 0- 0- 1/ 1,0.0%,0.0%,0.0%,0,0,0.0,11.0着,9.0人気,22.4,,,0,0.0%,0.0%,0.0%,72.90,12.15,59.26
497,Stravinsky, 0- 0- 0- 1/ 1,0.0%,0.0%,0.0%,0,0,0.0,13.0着,11.0人気,69.9,,,0,0.0%,0.0%,0.0%,71.50,11.92,60.42
498,"Storm Creek", 0- 0- 0- 1/ 1,0.0%,0.0%,0.0%,0,0,0.0,7.0着,10.0人気,33.1,,,0,0.0%,0.0%,0.0%,71.10,11.85,60.76
499,Standaan, 0- 0- 0- 1/ 1,0.0%,0.0%,0.0%,0,0,0.0,8.0着,3.0人気,5.7,,,0,0.0%,0.0%,0.0%,73.10,12.18,59.10
500,"Spend a Buck", 0- 0- 0- 1/ 1,0.0%,0.0%,0.0%,0,0,0.0,13.0着,10.0人気,67.3,,,0,0.0%,0.0%,0.0%,75.50,12.58,57.22
501,"Souvenir Copy", 0- 0- 0- 1/ 1,0.0%,0.0%,0.0%,0,0,0.0,8.0着,7.0人気,19.6,,,0,0.0%,0.0%,0.0%,70.30,11.72,61.45
502,"Slip Anchor", 0- 0- 0- 1/ 1,0.0%,0.0%,0.0%,0,0,0.0,8.0着,5.0人気,14.6,,,0,0.0%,0.0%,0.0%,71.50,11.92,60.42
503,Shananie, 0- 0- 0- 1/ 1,0.0%,0.0%,0.0%,0,0,0.0,9.0着,4.0人気,18.3,,,0,0.0%,0.0%,0.0%,73.00,12.17,59.18
504,Shaadi, 0- 0- 0- 1/ 1,0.0%,0.0%,0.0%,0,0,0.0,12.0着,12.0人気,249.8,,,0,0.0%,0.0%,0.0%,75.40,12.57,57.29
505,Sanhedrin, 0- 0- 0- 1/ 1,0.0%,0.0%,0.0%,0,0,0.0,12.0着,8.0人気,27.6,,,0,0.0%,0.0%,0.0%,73.30,12.22,58.94
506,"Queen City Lad", 0- 0- 0- 1/ 1,0.0%,0.0%,0.0%,0,0,0.0,14.0着,8.0人気,22.3,,,0,0.0%,0.0%,0.0%,73.50,12.25,58.78
507,"Phone Trick", 0- 0- 0- 1/ 1,0.0%,0.0%,0.0%,0,0,0.0,16.0着,4.0人気,15.0,,,0,0.0%,0.0%,0.0%,72.90,12.15,59.26
508,"Peintre Celebre", 0- 0- 0- 1/ 1,0.0%,0.0%,0.0%,0,0,0.0,9.0着,7.0人気,14.1,,,0,0.0%,0.0%,0.0%,71.20,11.87,60.67
509,"Pago Pago", 0- 0- 0- 1/ 1,0.0%,0.0%,0.0%,0,0,0.0,9.0着,11.0人気,40.7,,,0,0.0%,0.0%,0.0%,72.30,12.05,59.75
510,"Olden Times", 0- 0- 0- 1/ 1,0.0%,0.0%,0.0%,0,0,0.0,13.0着,11.0人気,38.1,,,0,0.0%,0.0%,0.0%,73.30,12.22,58.94
511,Ogygian, 0- 0- 0- 1/ 1,0.0%,0.0%,0.0%,0,0,0.0,7.0着,6.0人気,16.0,,,0,0.0%,0.0%,0.0%,71.80,11.97,60.17
512,"Oasis Dream", 0- 0- 0- 1/ 1,0.0%,0.0%,0.0%,0,0,0.0,8.0着,14.0人気,163.8,,,0,0.0%,0.0%,0.0%,71.30,11.88,60.59
513,"Northern Jove", 0- 0- 0- 1/ 1,0.0%,0.0%,0.0%,0,0,0.0,11.0着,6.0人気,13.3,,,0,0.0%,0.0%,0.0%,73.60,12.27,58.70
514,Nishapour, 0- 0- 0- 1/ 1,0.0%,0.0%,0.0%,0,0,0.0,12.0着,12.0人気,74.4,,,0,0.0%,0.0%,0.0%,71.90,11.98,60.08
515,"Native Charger", 0- 0- 0- 1/ 1,0.0%,0.0%,0.0%,0,0,0.0,13.0着,9.0人気,28.6,,,0,0.0%,0.0%,0.0%,73.30,12.22,58.94
516,Nashwan, 0- 0- 0- 1/ 1,0.0%,0.0%,0.0%,0,0,0.0,8.0着,16.0人気,291.3,,,0,0.0%,0.0%,0.0%,72.00,12.00,60.00
517,Mutakddim, 0- 0- 0- 1/ 1,0.0%,0.0%,0.0%,0,0,0.0,13.0着,9.0人気,32.6,,,0,0.0%,0.0%,0.0%,72.30,12.05,59.75
518,Mtoto, 0- 0- 0- 1/ 1,0.0%,0.0%,0.0%,0,0,0.0,15.0着,13.0人気,215.2,,,0,0.0%,0.0%,0.0%,73.30,12.22,58.94
519,"Mt. Livermore", 0- 0- 0- 1/ 1,0.0%,0.0%,0.0%,0,0,0.0,16.0着,12.0人気,94.6,,,0,0.0%,0.0%,0.0%,,,
520,Montjeu, 0- 0- 0- 1/ 1,0.0%,0.0%,0.0%,0,0,0.0,16.0着,4.0人気,9.7,,,0,0.0%,0.0%,0.0%,72.20,12.03,59.83
521,Medicean, 0- 0- 0- 1/ 1,0.0%,0.0%,0.0%,0,0,0.0,13.0着,15.0人気,312.4,,,0,0.0%,0.0%,0.0%,71.50,11.92,60.42
522,"Mari's Book", 0- 0- 0- 1/ 1,0.0%,0.0%,0.0%,0,0,0.0,15.0着,9.0人気,20.8,,,0,0.0%,0.0%,0.0%,73.70,12.28,58.62
523,"Lord Avie", 0- 0- 0- 1/ 1,0.0%,0.0%,0.0%,0,0,0.0,8.0着,5.0人気,14.8,,,0,0.0%,0.0%,0.0%,71.90,11.98,60.08
524,L'Emigrant, 0- 0- 0- 1/ 1,0.0%,0.0%,0.0%,0,0,0.0,15.0着,15.0人気,97.8,,,0,0.0%,0.0%,0.0%,73.80,12.30,58.54
525,"Law Society", 0- 0- 0- 1/ 1,0.0%,0.0%,0.0%,0,0,0.0,14.0着,9.0人気,40.5,,,0,0.0%,0.0%,0.0%,72.10,12.02,59.92
526,"Last Tycoon", 0- 0- 0- 1/ 1,0.0%,0.0%,0.0%,0,0,0.0,13.0着,15.0人気,87.1,,,0,0.0%,0.0%,0.0%,74.00,12.33,58.38
527,"Irish Castle", 0- 0- 0- 1/ 1,0.0%,0.0%,0.0%,0,0,0.0,12.0着,8.0人気,31.2,,,0,0.0%,0.0%,0.0%,72.60,12.10,59.50
528,Integra, 0- 0- 0- 1/ 1,0.0%,0.0%,0.0%,0,0,0.0,9.0着,14.0人気,94.5,,,0,0.0%,0.0%,0.0%,71.40,11.90,60.50
529,"Honest Pleasure", 0- 0- 0- 1/ 1,0.0%,0.0%,0.0%,0,0,0.0,13.0着,12.0人気,152.2,,,0,0.0%,0.0%,0.0%,76.40,12.73,56.54
530,"High Yield", 0- 0- 0- 1/ 1,0.0%,0.0%,0.0%,0,0,0.0,15.0着,6.0人気,13.7,,,0,0.0%,0.0%,0.0%,72.00,12.00,60.00
531,Halling, 0- 0- 0- 1/ 1,0.0%,0.0%,0.0%,0,0,0.0,9.0着,3.0人気,6.1,,,0,0.0%,0.0%,0.0%,70.40,11.73,61.36
532,"Hail to Reason", 0- 0- 0- 1/ 1,0.0%,0.0%,0.0%,0,0,0.0,10.0着,10.0人気,22.7,,,0,0.0%,0.0%,0.0%,71.50,11.92,60.42
533,"Groom Dancer", 0- 0- 0- 1/ 1,0.0%,0.0%,0.0%,0,0,0.0,6.0着,15.0人気,46.7,,,0,0.0%,0.0%,0.0%,69.80,11.63,61.89
534,"Go for Gin", 0- 0- 0- 1/ 1,0.0%,0.0%,0.0%,0,0,0.0,14.0着,8.0人気,22.0,,,0,0.0%,0.0%,0.0%,71.40,11.90,60.50
535,Glenstal, 0- 0- 0- 1/ 1,0.0%,0.0%,0.0%,0,0,0.0,14.0着,16.0人気,115.2,,,0,0.0%,0.0%,0.0%,72.60,12.10,59.50
536,"French Deputy", 0- 0- 0- 1/ 1,0.0%,0.0%,0.0%,0,0,0.0,11.0着,15.0人気,188.5,,,0,0.0%,0.0%,0.0%,72.20,12.03,59.83
537,"Fio Rito", 0- 0- 0- 1/ 1,0.0%,0.0%,0.0%,0,0,0.0,16.0着,12.0人気,35.0,,,0,0.0%,0.0%,0.0%,73.30,12.22,58.94
538,"Far North", 0- 0- 0- 1/ 1,0.0%,0.0%,0.0%,0,0,0.0,14.0着,3.0人気,7.3,,,0,0.0%,0.0%,0.0%,74.20,12.37,58.22
539,"Fantastic Light", 0- 0- 0- 1/ 1,0.0%,0.0%,0.0%,0,0,0.0,8.0着,7.0人気,32.7,,,0,0.0%,0.0%,0.0%,71.40,11.90,60.50
540,Exceller, 0- 0- 0- 1/ 1,0.0%,0.0%,0.0%,0,0,0.0,10.0着,10.0人気,35.0,,,0,0.0%,0.0%,0.0%,72.10,12.02,59.92
541,Entrepreneur, 0- 0- 0- 1/ 1,0.0%,0.0%,0.0%,0,0,0.0,6.0着,1.0人気,3.3,,,0,0.0%,0.0%,0.0%,73.00,12.17,59.18
542,"Empire Maker", 0- 0- 0- 1/ 1,0.0%,0.0%,0.0%,0,0,0.0,10.0着,8.0人気,29.3,,,0,0.0%,0.0%,0.0%,71.00,11.83,60.85
543,Elocutionist, 0- 0- 0- 1/ 1,0.0%,0.0%,0.0%,0,0,0.0,16.0着,2.0人気,5.0,,,0,0.0%,0.0%,0.0%,,,
544,"Elegant Air", 0- 0- 0- 1/ 1,0.0%,0.0%,0.0%,0,0,0.0,10.0着,10.0人気,86.8,,,0,0.0%,0.0%,0.0%,72.40,12.07,59.67
545,"Dubai Destination", 0- 0- 0- 1/ 1,0.0%,0.0%,0.0%,0,0,0.0,15.0着,9.0人気,31.2,,,0,0.0%,0.0%,0.0%,72.70,12.12,59.42
546,"Diamond Shoal", 0- 0- 0- 1/ 1,0.0%,0.0%,0.0%,0,0,0.0,13.0着,14.0人気,95.0,,,0,0.0%,0.0%,0.0%,72.00,12.00,60.00
547,"Deposit Ticket", 0- 0- 0- 1/ 1,0.0%,0.0%,0.0%,0,0,0.0,15.0着,12.0人気,49.6,,,0,0.0%,0.0%,0.0%,71.10,11.85,60.76
548,"Dance of Life", 0- 0- 0- 1/ 1,0.0%,0.0%,0.0%,0,0,0.0,16.0着,15.0人気,99.8,,,0,0.0%,0.0%,0.0%,72.70,12.12,59.42
549,Damascus, 0- 0- 0- 1/ 1,0.0%,0.0%,0.0%,0,0,0.0,13.0着,6.0人気,27.4,,,0,0.0%,0.0%,0.0%,74.10,12.35,58.30
550,"Crimson Satan", 0- 0- 0- 1/ 1,0.0%,0.0%,0.0%,0,0,0.0,7.0着,13.0人気,161.6,,,0,0.0%,0.0%,0.0%,72.80,12.13,59.34
551,Copelan, 0- 0- 0- 1/ 1,0.0%,0.0%,0.0%,0,0,0.0,12.0着,10.0人気,52.9,,,0,0.0%,0.0%,0.0%,72.70,12.12,59.42
552,Consolidator, 0- 0- 0- 1/ 1,0.0%,0.0%,0.0%,0,0,0.0,13.0着,12.0人気,134.9,,,0,0.0%,0.0%,0.0%,71.20,11.87,60.67
553,Codex, 0- 0- 0- 1/ 1,0.0%,0.0%,0.0%,0,0,0.0,15.0着,10.0人気,46.4,,,0,0.0%,0.0%,0.0%,72.30,12.05,59.75
554,"Coax Me Chad", 0- 0- 0- 1/ 1,0.0%,0.0%,0.0%,0,0,0.0,13.0着,15.0人気,529.6,,,0,0.0%,0.0%,0.0%,74.40,12.40,58.06
555,Coastal, 0- 0- 0- 1/ 1,0.0%,0.0%,0.0%,0,0,0.0,9.0着,10.0人気,30.1,,,0,0.0%,0.0%,0.0%,72.60,12.10,59.50
556,Cannonade, 0- 0- 0- 1/ 1,0.0%,0.0%,0.0%,0,0,0.0,13.0着,1.0人気,3.0,,,0,0.0%,0.0%,0.0%,72.50,12.08,59.59
557,Busted, 0- 0- 0- 1/ 1,0.0%,0.0%,0.0%,0,0,0.0,14.0着,9.0人気,16.4,,,0,0.0%,0.0%,0.0%,73.70,12.28,58.62
558,"Bold Ruckus", 0- 0- 0- 1/ 1,0.0%,0.0%,0.0%,0,0,0.0,13.0着,5.0人気,16.8,,,0,0.0%,0.0%,0.0%,72.90,12.15,59.26
559,"Bold Lad (IRE)", 0- 0- 0- 1/ 1,0.0%,0.0%,0.0%,0,0,0.0,9.0着,8.0人気,48.2,,,0,0.0%,0.0%,0.0%,73.80,12.30,58.54
560,"Bold Bidder", 0- 0- 0- 1/ 1,0.0%,0.0%,0.0%,0,0,0.0,11.0着,3.0人気,6.4,,,0,0.0%,0.0%,0.0%,73.00,12.17,59.18
561,Bernardini, 0- 0- 0- 1/ 1,0.0%,0.0%,0.0%,0,0,0.0,10.0着,12.0人気,134.2,,,0,0.0%,0.0%,0.0%,72.30,12.05,59.75
562,"Bear Hunt", 0- 0- 0- 1/ 1,0.0%,0.0%,0.0%,0,0,0.0,6.0着,3.0人気,7.4,,,0,0.0%,0.0%,0.0%,70.30,11.72,61.45
563,"Arctic Tern", 0- 0- 0- 1/ 1,0.0%,0.0%,0.0%,0,0,0.0,6.0着,8.0人気,49.6,,,0,0.0%,0.0%,0.0%,74.20,12.37,58.22
564,Alzao, 0- 0- 0- 1/ 1,0.0%,0.0%,0.0%,0,0,0.0,8.0着,1.0人気,4.3,,,0,0.0%,0.0%,0.0%,73.20,12.20,59.02
565,Alysheba, 0- 0- 0- 1/ 1,0.0%,0.0%,0.0%,0,0,0.0,6.0着,7.0人気,29.9,,,0,0.0%,0.0%,0.0%,73.90,12.32,58.46
566,Ahonoora, 0- 0- 0- 1/ 1,0.0%,0.0%,0.0%,0,0,0.0,6.0着,1.0人気,2.3,,,0,0.0%,0.0%,0.0%,71.90,11.98,60.08
567,Affirmed, 0- 0- 0- 1/ 1,0.0%,0.0%,0.0%,0,0,0.0,14.0着,9.0人気,28.5,,,0,0.0%,0.0%,0.0%,73.90,12.32,58.46
568,Cozzene, 0- 0- 0- 0/ 0,,,,,,,,,,,,,,,,,,
